opt_algorithm,minmax,L,threshold,lgs,area,cgal_area,pick_area,ratio,ratio_change,time,is_simple,points,points_on_poly,in_file
simulated_annealing,min,1000,-1,3,58872,58872,-1,0.351727,-1.000000,0.257,1,10,10,uniform-0000010-1
simulated_annealing,min,5000,-1,3,58872,58872,-1,0.351727,-1.000000,0.2,1,10,10,uniform-0000010-1
simulated_annealing,min,10000,-1,3,58872,58872,-1,0.351727,-1.000000,0.151,1,10,10,uniform-0000010-1
simulated_annealing,max,1000,-1,3,141402,141402,-1,0.844796,-1.000000,0.221,1,10,10,uniform-0000010-1
simulated_annealing,max,5000,-1,3,141402,141402,-1,0.844796,-1.000000,0.079,1,10,10,uniform-0000010-1
simulated_annealing,max,10000,-1,3,141402,141402,-1,0.844796,-1.000000,0.1,1,10,10,uniform-0000010-1
simulated_annealing,min,1000,-1,3,19207298,19207298,-1,0.179138,-1.000000,0.274,1,10,10,london-0000010
simulated_annealing,min,5000,-1,3,19207298,19207298,-1,0.179138,-1.000000,0.371,1,10,10,london-0000010
simulated_annealing,min,10000,-1,3,19207298,19207298,-1,0.179138,-1.000000,0.165,1,10,10,london-0000010
simulated_annealing,max,1000,-1,3,84790294,84790294,-1,0.790803,-1.000000,0.093,1,10,10,london-0000010
simulated_annealing,max,5000,-1,3,84790294,84790294,-1,0.790803,-1.000000,0.096,1,10,10,london-0000010
simulated_annealing,max,10000,-1,3,84790294,84790294,-1,0.790803,-1.000000,0.09,1,10,10,london-0000010
simulated_annealing,min,1000,-1,3,15143330,15143330,-1,0.474618,-1.000000,0.087,1,10,10,euro-night-0000010
simulated_annealing,min,5000,-1,3,15143330,15143330,-1,0.474618,-1.000000,0.087,1,10,10,euro-night-0000010
simulated_annealing,min,10000,-1,3,15143330,15143330,-1,0.474618,-1.000000,0.087,1,10,10,euro-night-0000010
simulated_annealing,max,1000,-1,3,28498980,28498980,-1,0.893206,-1.000000,0.092,1,10,10,euro-night-0000010
simulated_annealing,max,5000,-1,3,28498980,28498980,-1,0.893206,-1.000000,0.099,1,10,10,euro-night-0000010
simulated_annealing,max,10000,-1,3,28498980,28498980,-1,0.893206,-1.000000,0.096,1,10,10,euro-night-0000010
simulated_annealing,min,1000,-1,3,4263292,4263292,-1,0.293213,-1.000000,0.281,1,10,10,us-night-0000010
simulated_annealing,min,5000,-1,3,4263292,4263292,-1,0.293213,-1.000000,0.138,1,10,10,us-night-0000010
simulated_annealing,min,10000,-1,3,4263292,4263292,-1,0.293213,-1.000000,0.137,1,10,10,us-night-0000010
simulated_annealing,max,1000,-1,3,11945392,11945392,-1,0.821560,-1.000000,0.088,1,10,10,us-night-0000010
simulated_annealing,max,5000,-1,3,11945392,11945392,-1,0.821560,-1.000000,0.089,1,10,10,us-night-0000010
simulated_annealing,max,10000,-1,3,11945392,11945392,-1,0.821560,-1.000000,0.089,1,10,10,us-night-0000010
simulated_annealing,min,1000,-1,3,51568,51568,-1,0.330225,-1.000000,0.091,1,10,10,uniform-0000010-2
simulated_annealing,min,5000,-1,3,51568,51568,-1,0.330225,-1.000000,0.095,1,10,10,uniform-0000010-2
simulated_annealing,min,10000,-1,3,51568,51568,-1,0.330225,-1.000000,0.126,1,10,10,uniform-0000010-2
simulated_annealing,max,1000,-1,3,147176,147176,-1,0.942469,-1.000000,0.099,1,10,10,uniform-0000010-2
simulated_annealing,max,5000,-1,3,147176,147176,-1,0.942469,-1.000000,0.094,1,10,10,uniform-0000010-2
simulated_annealing,max,10000,-1,3,147176,147176,-1,0.942469,-1.000000,0.093,1,10,10,uniform-0000010-2
simulated_annealing,min,1000,-1,3,54552388750,54552388750,-1,0.392974,-1.000000,0.185,1,10,10,stars-0000010
simulated_annealing,min,5000,-1,3,54552388750,54552388750,-1,0.392974,-1.000000,0.163,1,10,10,stars-0000010
simulated_annealing,min,10000,-1,3,54552388750,54552388750,-1,0.392974,-1.000000,0.158,1,10,10,stars-0000010
simulated_annealing,max,1000,-1,3,123644248812,123644248812,-1,0.890685,-1.000000,0.094,1,10,10,stars-0000010
simulated_annealing,max,5000,-1,3,123644248812,123644248812,-1,0.890685,-1.000000,0.093,1,10,10,stars-0000010
simulated_annealing,max,10000,-1,3,123644248812,123644248812,-1,0.890685,-1.000000,0.089,1,10,10,stars-0000010
simulated_annealing,min,1000,-1,3,30466580,30466580,-1,0.224589,-1.000000,0.343,1,15,15,london-0000015
simulated_annealing,min,5000,-1,3,30466580,30466580,-1,0.224589,-1.000000,0.348,1,15,15,london-0000015
simulated_annealing,min,10000,-1,3,30466580,30466580,-1,0.224589,-1.000000,0.338,1,15,15,london-0000015
simulated_annealing,max,1000,-1,3,127633728,127633728,-1,0.940872,-1.000000,0.205,1,15,15,london-0000015
simulated_annealing,max,5000,-1,3,127633728,127633728,-1,0.940872,-1.000000,0.213,1,15,15,london-0000015
simulated_annealing,max,10000,-1,3,127633728,127633728,-1,0.940872,-1.000000,0.209,1,15,15,london-0000015
simulated_annealing,min,1000,-1,3,9767138,9767138,-1,0.233356,-1.000000,0.138,1,15,15,euro-night-0000015
simulated_annealing,min,5000,-1,3,9767138,9767138,-1,0.233356,-1.000000,0.205,1,15,15,euro-night-0000015
simulated_annealing,min,10000,-1,3,9767138,9767138,-1,0.233356,-1.000000,0.14,1,15,15,euro-night-0000015
simulated_annealing,max,1000,-1,3,36822890,36822890,-1,0.879772,-1.000000,0.17,1,15,15,euro-night-0000015
simulated_annealing,max,5000,-1,3,36822890,36822890,-1,0.879772,-1.000000,0.254,1,15,15,euro-night-0000015
simulated_annealing,max,10000,-1,3,36822890,36822890,-1,0.879772,-1.000000,0.172,1,15,15,euro-night-0000015
simulated_annealing,min,1000,-1,3,24255714,24255714,-1,0.346985,-1.000000,0.46,1,15,15,us-night-0000015
simulated_annealing,min,5000,-1,3,24255714,24255714,-1,0.346985,-1.000000,0.3,1,15,15,us-night-0000015
simulated_annealing,min,10000,-1,3,24255714,24255714,-1,0.346985,-1.000000,0.306,1,15,15,us-night-0000015
simulated_annealing,max,1000,-1,3,57953642,57953642,-1,0.829044,-1.000000,0.191,1,15,15,us-night-0000015
simulated_annealing,max,5000,-1,3,57953642,57953642,-1,0.829044,-1.000000,0.192,1,15,15,us-night-0000015
simulated_annealing,max,10000,-1,3,57953642,57953642,-1,0.829044,-1.000000,0.191,1,15,15,us-night-0000015
simulated_annealing,min,1000,-1,3,120428,120428,-1,0.284125,-1.000000,0.186,1,15,15,uniform-0000015-1
simulated_annealing,min,5000,-1,3,120428,120428,-1,0.284125,-1.000000,0.199,1,15,15,uniform-0000015-1
simulated_annealing,min,10000,-1,3,120428,120428,-1,0.284125,-1.000000,0.178,1,15,15,uniform-0000015-1
simulated_annealing,max,1000,-1,3,351560,351560,-1,0.829433,-1.000000,0.302,1,15,15,uniform-0000015-1
simulated_annealing,max,5000,-1,3,351560,351560,-1,0.829433,-1.000000,0.417,1,15,15,uniform-0000015-1
simulated_annealing,max,10000,-1,3,351560,351560,-1,0.829433,-1.000000,0.191,1,15,15,uniform-0000015-1
simulated_annealing,min,1000,-1,3,52221292068,52221292068,-1,0.343392,-1.000000,0.166,1,15,15,stars-0000015
simulated_annealing,min,5000,-1,3,52221292068,52221292068,-1,0.343392,-1.000000,0.247,1,15,15,stars-0000015
simulated_annealing,min,10000,-1,3,52221292068,52221292068,-1,0.343392,-1.000000,0.164,1,15,15,stars-0000015
simulated_annealing,max,1000,-1,3,138592879472,138592879472,-1,0.911346,-1.000000,0.2,1,15,15,stars-0000015
simulated_annealing,max,5000,-1,3,138592879472,138592879472,-1,0.911346,-1.000000,0.361,1,15,15,stars-0000015
simulated_annealing,max,10000,-1,3,138592879472,138592879472,-1,0.911346,-1.000000,0.198,1,15,15,stars-0000015
simulated_annealing,min,1000,-1,3,188488,188488,-1,0.454707,-1.000000,0.166,1,15,15,uniform-0000015-2
simulated_annealing,min,5000,-1,3,188488,188488,-1,0.454707,-1.000000,0.172,1,15,15,uniform-0000015-2
simulated_annealing,min,10000,-1,3,188488,188488,-1,0.454707,-1.000000,0.207,1,15,15,uniform-0000015-2
simulated_annealing,max,1000,-1,3,363646,363646,-1,0.877257,-1.000000,0.207,1,15,15,uniform-0000015-2
simulated_annealing,max,5000,-1,3,363646,363646,-1,0.877257,-1.000000,0.206,1,15,15,uniform-0000015-2
simulated_annealing,max,10000,-1,3,363646,363646,-1,0.877257,-1.000000,0.203,1,15,15,uniform-0000015-2
simulated_annealing,min,1000,-1,3,59457680,59457680,-1,0.266428,-1.000000,0.618,1,20,20,london-0000020
simulated_annealing,min,5000,-1,3,59457680,59457680,-1,0.266428,-1.000000,0.358,1,20,20,london-0000020
simulated_annealing,min,10000,-1,3,59457680,59457680,-1,0.266428,-1.000000,0.355,1,20,20,london-0000020
simulated_annealing,max,1000,-1,3,191908938,191908938,-1,0.859938,-1.000000,0.544,1,20,20,london-0000020
simulated_annealing,max,5000,-1,3,191908938,191908938,-1,0.859938,-1.000000,0.52,1,20,20,london-0000020
simulated_annealing,max,10000,-1,3,191908938,191908938,-1,0.859938,-1.000000,0.488,1,20,20,london-0000020
simulated_annealing,min,1000,-1,3,71715666910,71715666910,-1,0.313231,-1.000000,0.357,1,20,20,stars-0000020
simulated_annealing,min,5000,-1,3,71715666910,71715666910,-1,0.313231,-1.000000,0.368,1,20,20,stars-0000020
simulated_annealing,min,10000,-1,3,71715666910,71715666910,-1,0.313231,-1.000000,0.377,1,20,20,stars-0000020
simulated_annealing,max,1000,-1,3,215958644698,215958644698,-1,0.943238,-1.000000,0.369,1,20,20,stars-0000020
simulated_annealing,max,5000,-1,3,215958644698,215958644698,-1,0.943238,-1.000000,0.368,1,20,20,stars-0000020
simulated_annealing,max,10000,-1,3,215958644698,215958644698,-1,0.943238,-1.000000,0.544,1,20,20,stars-0000020
simulated_annealing,min,1000,-1,3,266026,266026,-1,0.301758,-1.000000,0.393,1,20,20,uniform-0000020-1
simulated_annealing,min,5000,-1,3,266026,266026,-1,0.301758,-1.000000,0.344,1,20,20,uniform-0000020-1
simulated_annealing,min,10000,-1,3,266026,266026,-1,0.301758,-1.000000,0.34,1,20,20,uniform-0000020-1
simulated_annealing,max,1000,-1,3,721944,721944,-1,0.818915,-1.000000,0.591,1,20,20,uniform-0000020-1
simulated_annealing,max,5000,-1,3,721944,721944,-1,0.818915,-1.000000,0.386,1,20,20,uniform-0000020-1
simulated_annealing,max,10000,-1,3,721944,721944,-1,0.818915,-1.000000,0.473,1,20,20,uniform-0000020-1
simulated_annealing,min,1000,-1,3,24070216,24070216,-1,0.414857,-1.000000,0.686,1,20,20,us-night-0000020
simulated_annealing,min,5000,-1,3,24070216,24070216,-1,0.414857,-1.000000,1.068,1,20,20,us-night-0000020
simulated_annealing,min,10000,-1,3,24070216,24070216,-1,0.414857,-1.000000,0.616,1,20,20,us-night-0000020
simulated_annealing,max,1000,-1,3,52938848,52938848,-1,0.912416,-1.000000,0.437,1,20,20,us-night-0000020
simulated_annealing,max,5000,-1,3,52938848,52938848,-1,0.912416,-1.000000,0.343,1,20,20,us-night-0000020
simulated_annealing,max,10000,-1,3,52938848,52938848,-1,0.912416,-1.000000,0.322,1,20,20,us-night-0000020
simulated_annealing,min,1000,-1,3,188562,188562,-1,0.215974,-1.000000,0.309,1,20,20,uniform-0000020-2
simulated_annealing,min,5000,-1,3,188562,188562,-1,0.215974,-1.000000,0.407,1,20,20,uniform-0000020-2
simulated_annealing,min,10000,-1,3,188562,188562,-1,0.215974,-1.000000,0.392,1,20,20,uniform-0000020-2
simulated_annealing,max,1000,-1,3,773048,773048,-1,0.885430,-1.000000,0.339,1,20,20,uniform-0000020-2
simulated_annealing,max,5000,-1,3,773048,773048,-1,0.885430,-1.000000,0.337,1,20,20,uniform-0000020-2
simulated_annealing,max,10000,-1,3,773048,773048,-1,0.885430,-1.000000,0.341,1,20,20,uniform-0000020-2
simulated_annealing,min,1000,-1,3,18693816,18693816,-1,0.391431,-1.000000,0.342,1,20,20,euro-night-0000020
simulated_annealing,min,5000,-1,3,18693816,18693816,-1,0.391431,-1.000000,0.326,1,20,20,euro-night-0000020
simulated_annealing,min,10000,-1,3,18693816,18693816,-1,0.391431,-1.000000,0.347,1,20,20,euro-night-0000020
simulated_annealing,max,1000,-1,3,41934710,41934710,-1,0.878073,-1.000000,0.374,1,20,20,euro-night-0000020
simulated_annealing,max,5000,-1,3,41934710,41934710,-1,0.878073,-1.000000,0.436,1,20,20,euro-night-0000020
simulated_annealing,max,10000,-1,3,41934710,41934710,-1,0.878073,-1.000000,0.373,1,20,20,euro-night-0000020
simulated_annealing,min,1000,-1,3,699404,699404,-1,0.450519,-1.000000,0.425,1,25,25,uniform-0000025-2
simulated_annealing,min,5000,-1,3,699404,699404,-1,0.450519,-1.000000,0.425,1,25,25,uniform-0000025-2
simulated_annealing,min,10000,-1,3,699404,699404,-1,0.450519,-1.000000,0.423,1,25,25,uniform-0000025-2
simulated_annealing,max,1000,-1,3,1314194,1314194,-1,0.846534,-1.000000,0.772,1,25,25,uniform-0000025-2
simulated_annealing,max,5000,-1,3,1314194,1314194,-1,0.846534,-1.000000,0.665,1,25,25,uniform-0000025-2
simulated_annealing,max,10000,-1,3,1314194,1314194,-1,0.846534,-1.000000,0.608,1,25,25,uniform-0000025-2
simulated_annealing,min,1000,-1,3,20225012,20225012,-1,0.308063,-1.000000,0.465,1,25,25,us-night-0000025
simulated_annealing,min,5000,-1,3,20225012,20225012,-1,0.308063,-1.000000,0.775,1,25,25,us-night-0000025
simulated_annealing,min,10000,-1,3,20225012,20225012,-1,0.308063,-1.000000,0.492,1,25,25,us-night-0000025
simulated_annealing,max,1000,-1,3,58225552,58225552,-1,0.886878,-1.000000,0.552,1,25,25,us-night-0000025
simulated_annealing,max,5000,-1,3,58225552,58225552,-1,0.886878,-1.000000,0.564,1,25,25,us-night-0000025
simulated_annealing,max,10000,-1,3,58225552,58225552,-1,0.886878,-1.000000,0.545,1,25,25,us-night-0000025
simulated_annealing,min,1000,-1,3,91064900118,91064900118,-1,0.357475,-1.000000,1.041,1,25,25,stars-0000025
simulated_annealing,min,5000,-1,3,91064900118,91064900118,-1,0.357475,-1.000000,1.017,1,25,25,stars-0000025
simulated_annealing,min,10000,-1,3,91064900118,91064900118,-1,0.357475,-1.000000,1.103,1,25,25,stars-0000025
simulated_annealing,max,1000,-1,3,224294943016,224294943016,-1,0.880468,-1.000000,0.677,1,25,25,stars-0000025
simulated_annealing,max,5000,-1,3,224294943016,224294943016,-1,0.880468,-1.000000,0.617,1,25,25,stars-0000025
simulated_annealing,max,10000,-1,3,224294943016,224294943016,-1,0.880468,-1.000000,0.794,1,25,25,stars-0000025
simulated_annealing,min,1000,-1,3,15286462,15286462,-1,0.273223,-1.000000,1.003,1,25,25,euro-night-0000025
simulated_annealing,min,5000,-1,3,15286462,15286462,-1,0.273223,-1.000000,1.115,1,25,25,euro-night-0000025
simulated_annealing,min,10000,-1,3,15286462,15286462,-1,0.273223,-1.000000,0.894,1,25,25,euro-night-0000025
simulated_annealing,max,1000,-1,3,47616440,47616440,-1,0.851073,-1.000000,0.539,1,25,25,euro-night-0000025
simulated_annealing,max,5000,-1,3,47616440,47616440,-1,0.851073,-1.000000,0.479,1,25,25,euro-night-0000025
simulated_annealing,max,10000,-1,3,47616440,47616440,-1,0.851073,-1.000000,0.547,1,25,25,euro-night-0000025
simulated_annealing,min,1000,-1,3,621722,621722,-1,0.393060,-1.000000,0.559,1,25,25,uniform-0000025-1
simulated_annealing,min,5000,-1,3,621722,621722,-1,0.393060,-1.000000,0.518,1,25,25,uniform-0000025-1
simulated_annealing,min,10000,-1,3,621722,621722,-1,0.393060,-1.000000,0.638,1,25,25,uniform-0000025-1
simulated_annealing,max,1000,-1,3,1227298,1227298,-1,0.775912,-1.000000,0.585,1,25,25,uniform-0000025-1
simulated_annealing,max,5000,-1,3,1227298,1227298,-1,0.775912,-1.000000,0.667,1,25,25,uniform-0000025-1
simulated_annealing,max,10000,-1,3,1227298,1227298,-1,0.775912,-1.000000,0.582,1,25,25,uniform-0000025-1
simulated_annealing,min,1000,-1,3,44649276,44649276,-1,0.180298,-1.000000,0.481,1,25,25,london-0000025
simulated_annealing,min,5000,-1,3,44649276,44649276,-1,0.180298,-1.000000,0.734,1,25,25,london-0000025
simulated_annealing,min,10000,-1,3,44649276,44649276,-1,0.180298,-1.000000,0.622,1,25,25,london-0000025
simulated_annealing,max,1000,-1,3,229016520,229016520,-1,0.924789,-1.000000,0.531,1,25,25,london-0000025
simulated_annealing,max,5000,-1,3,229016520,229016520,-1,0.924789,-1.000000,0.587,1,25,25,london-0000025
simulated_annealing,max,10000,-1,3,229016520,229016520,-1,0.924789,-1.000000,0.595,1,25,25,london-0000025
simulated_annealing,min,1000,-1,3,26759610,26759610,-1,0.375790,-1.000000,0.719,1,30,30,us-night-0000030
simulated_annealing,min,5000,-1,3,26759610,26759610,-1,0.375790,-1.000000,0.885,1,30,30,us-night-0000030
simulated_annealing,min,10000,-1,3,26759610,26759610,-1,0.375790,-1.000000,0.833,1,30,30,us-night-0000030
simulated_annealing,max,1000,-1,3,63588386,63588386,-1,0.892983,-1.000000,1.147,1,30,30,us-night-0000030
simulated_annealing,max,5000,-1,3,63588386,63588386,-1,0.892983,-1.000000,0.924,1,30,30,us-night-0000030
simulated_annealing,max,10000,-1,3,63588386,63588386,-1,0.892983,-1.000000,1.123,1,30,30,us-night-0000030
simulated_annealing,min,1000,-1,3,576252,576252,-1,0.271068,-1.000000,1.033,1,30,30,uniform-0000030-1
simulated_annealing,min,5000,-1,3,576252,576252,-1,0.271068,-1.000000,0.911,1,30,30,uniform-0000030-1
simulated_annealing,min,10000,-1,3,576252,576252,-1,0.271068,-1.000000,0.965,1,30,30,uniform-0000030-1
simulated_annealing,max,1000,-1,3,1928848,1928848,-1,0.907329,-1.000000,0.97,1,30,30,uniform-0000030-1
simulated_annealing,max,5000,-1,3,1928848,1928848,-1,0.907329,-1.000000,0.941,1,30,30,uniform-0000030-1
simulated_annealing,max,10000,-1,3,1928848,1928848,-1,0.907329,-1.000000,0.854,1,30,30,uniform-0000030-1
simulated_annealing,min,1000,-1,3,13130268,13130268,-1,0.229381,-1.000000,0.612,1,30,30,euro-night-0000030
simulated_annealing,min,5000,-1,3,13130268,13130268,-1,0.229381,-1.000000,0.677,1,30,30,euro-night-0000030
simulated_annealing,min,10000,-1,3,13130268,13130268,-1,0.229381,-1.000000,0.632,1,30,30,euro-night-0000030
simulated_annealing,max,1000,-1,3,49960728,49960728,-1,0.872794,-1.000000,0.917,1,30,30,euro-night-0000030
simulated_annealing,max,5000,-1,3,49960728,49960728,-1,0.872794,-1.000000,1.058,1,30,30,euro-night-0000030
simulated_annealing,max,10000,-1,3,49960728,49960728,-1,0.872794,-1.000000,1.167,1,30,30,euro-night-0000030
simulated_annealing,min,1000,-1,3,696158,696158,-1,0.279169,-1.000000,0.685,1,30,30,uniform-0000030-2
simulated_annealing,min,5000,-1,3,696158,696158,-1,0.279169,-1.000000,0.695,1,30,30,uniform-0000030-2
simulated_annealing,min,10000,-1,3,696158,696158,-1,0.279169,-1.000000,0.634,1,30,30,uniform-0000030-2
simulated_annealing,max,1000,-1,3,2247402,2247402,-1,0.901240,-1.000000,1.153,1,30,30,uniform-0000030-2
simulated_annealing,max,5000,-1,3,2247402,2247402,-1,0.901240,-1.000000,1.122,1,30,30,uniform-0000030-2
simulated_annealing,max,10000,-1,3,2247402,2247402,-1,0.901240,-1.000000,0.99,1,30,30,uniform-0000030-2
simulated_annealing,min,1000,-1,3,35714994,35714994,-1,0.215518,-1.000000,0.79,1,30,30,london-0000030
simulated_annealing,min,5000,-1,3,35714994,35714994,-1,0.215518,-1.000000,0.775,1,30,30,london-0000030
simulated_annealing,min,10000,-1,3,35714994,35714994,-1,0.215518,-1.000000,0.679,1,30,30,london-0000030
simulated_annealing,max,1000,-1,3,129975496,129975496,-1,0.784323,-1.000000,0.903,1,30,30,london-0000030
simulated_annealing,max,5000,-1,3,129975496,129975496,-1,0.784323,-1.000000,0.943,1,30,30,london-0000030
simulated_annealing,max,10000,-1,3,129975496,129975496,-1,0.784323,-1.000000,1.126,1,30,30,london-0000030
simulated_annealing,min,1000,-1,3,44094224782,44094224782,-1,0.219834,-1.000000,0.825,1,30,30,stars-0000030
simulated_annealing,min,5000,-1,3,44094224782,44094224782,-1,0.219834,-1.000000,0.612,1,30,30,stars-0000030
simulated_annealing,min,10000,-1,3,44094224782,44094224782,-1,0.219834,-1.000000,0.582,1,30,30,stars-0000030
simulated_annealing,max,1000,-1,3,176763539280,176763539280,-1,0.881265,-1.000000,0.922,1,30,30,stars-0000030
simulated_annealing,max,5000,-1,3,176763539280,176763539280,-1,0.881265,-1.000000,0.958,1,30,30,stars-0000030
simulated_annealing,max,10000,-1,3,176763539280,176763539280,-1,0.881265,-1.000000,1.772,1,30,30,stars-0000030
simulated_annealing,min,1000,-1,3,964948,964948,-1,0.273320,-1.000000,0.974,1,35,35,uniform-0000035-2
simulated_annealing,min,5000,-1,3,964948,964948,-1,0.273320,-1.000000,0.857,1,35,35,uniform-0000035-2
simulated_annealing,min,10000,-1,3,964948,964948,-1,0.273320,-1.000000,1.109,1,35,35,uniform-0000035-2
simulated_annealing,max,1000,-1,3,3051554,3051554,-1,0.864349,-1.000000,1.585,1,35,35,uniform-0000035-2
simulated_annealing,max,5000,-1,3,3051554,3051554,-1,0.864349,-1.000000,1.513,1,35,35,uniform-0000035-2
simulated_annealing,max,10000,-1,3,3051554,3051554,-1,0.864349,-1.000000,2.354,1,35,35,uniform-0000035-2
simulated_annealing,min,1000,-1,3,82529916938,82529916938,-1,0.339082,-1.000000,0.846,1,35,35,stars-0000035
simulated_annealing,min,5000,-1,3,82529916938,82529916938,-1,0.339082,-1.000000,0.862,1,35,35,stars-0000035
simulated_annealing,min,10000,-1,3,82529916938,82529916938,-1,0.339082,-1.000000,0.908,1,35,35,stars-0000035
simulated_annealing,max,1000,-1,3,212133834024,212133834024,-1,0.871572,-1.000000,1.261,1,35,35,stars-0000035
simulated_annealing,max,5000,-1,3,212133834024,212133834024,-1,0.871572,-1.000000,1.501,1,35,35,stars-0000035
simulated_annealing,max,10000,-1,3,212133834024,212133834024,-1,0.871572,-1.000000,1.499,1,35,35,stars-0000035
simulated_annealing,min,1000,-1,3,1066992,1066992,-1,0.304986,-1.000000,0.919,1,35,35,uniform-0000035-1
simulated_annealing,min,5000,-1,3,1066992,1066992,-1,0.304986,-1.000000,1.051,1,35,35,uniform-0000035-1
simulated_annealing,min,10000,-1,3,1066992,1066992,-1,0.304986,-1.000000,1.127,1,35,35,uniform-0000035-1
simulated_annealing,max,1000,-1,3,3039866,3039866,-1,0.868907,-1.000000,1.292,1,35,35,uniform-0000035-1
simulated_annealing,max,5000,-1,3,3039866,3039866,-1,0.868907,-1.000000,1.207,1,35,35,uniform-0000035-1
simulated_annealing,max,10000,-1,3,3039866,3039866,-1,0.868907,-1.000000,1.335,1,35,35,uniform-0000035-1
simulated_annealing,min,1000,-1,3,48379874,48379874,-1,0.207727,-1.000000,1.322,1,35,35,london-0000035
simulated_annealing,min,5000,-1,3,48379874,48379874,-1,0.207727,-1.000000,1.058,1,35,35,london-0000035
simulated_annealing,min,10000,-1,3,48379874,48379874,-1,0.207727,-1.000000,1.099,1,35,35,london-0000035
simulated_annealing,max,1000,-1,3,204633748,204633748,-1,0.878630,-1.000000,1.371,1,35,35,london-0000035
simulated_annealing,max,5000,-1,3,204633748,204633748,-1,0.878630,-1.000000,1.192,1,35,35,london-0000035
simulated_annealing,max,10000,-1,3,204633748,204633748,-1,0.878630,-1.000000,1.169,1,35,35,london-0000035
simulated_annealing,min,1000,-1,3,12239766,12239766,-1,0.248525,-1.000000,0.901,1,35,35,euro-night-0000035
simulated_annealing,min,5000,-1,3,12239766,12239766,-1,0.248525,-1.000000,0.897,1,35,35,euro-night-0000035
simulated_annealing,min,10000,-1,3,12239766,12239766,-1,0.248525,-1.000000,1.081,1,35,35,euro-night-0000035
simulated_annealing,max,1000,-1,3,44280114,44280114,-1,0.899095,-1.000000,1.44,1,35,35,euro-night-0000035
simulated_annealing,max,5000,-1,3,44280114,44280114,-1,0.899095,-1.000000,1.639,1,35,35,euro-night-0000035
simulated_annealing,max,10000,-1,3,44280114,44280114,-1,0.899095,-1.000000,1.318,1,35,35,euro-night-0000035
simulated_annealing,min,1000,-1,3,24355744,24355744,-1,0.290175,-1.000000,3.453,1,35,35,us-night-0000035
simulated_annealing,min,5000,-1,3,24355744,24355744,-1,0.290175,-1.000000,2.514,1,35,35,us-night-0000035
simulated_annealing,min,10000,-1,3,24355744,24355744,-1,0.290175,-1.000000,2.269,1,35,35,us-night-0000035
simulated_annealing,max,1000,-1,3,74756252,74756252,-1,0.890649,-1.000000,1.948,1,35,35,us-night-0000035
simulated_annealing,max,5000,-1,3,74756252,74756252,-1,0.890649,-1.000000,1.48,1,35,35,us-night-0000035
simulated_annealing,max,10000,-1,3,74756252,74756252,-1,0.890649,-1.000000,1.347,1,35,35,us-night-0000035
simulated_annealing,min,1000,-1,3,64428330,64428330,-1,0.271113,-1.000000,1.359,1,40,40,london-0000040
simulated_annealing,min,5000,-1,3,64428330,64428330,-1,0.271113,-1.000000,1.461,1,40,40,london-0000040
simulated_annealing,min,10000,-1,3,64428330,64428330,-1,0.271113,-1.000000,1.11,1,40,40,london-0000040
simulated_annealing,max,1000,-1,3,197169824,197169824,-1,0.829686,-1.000000,1.932,1,40,40,london-0000040
simulated_annealing,max,5000,-1,3,197169824,197169824,-1,0.829686,-1.000000,2.203,1,40,40,london-0000040
simulated_annealing,max,10000,-1,3,197169824,197169824,-1,0.829686,-1.000000,2.135,1,40,40,london-0000040
simulated_annealing,min,1000,-1,3,1613066,1613066,-1,0.333921,-1.000000,1.815,1,40,40,uniform-0000040-1
simulated_annealing,min,5000,-1,3,1613066,1613066,-1,0.333921,-1.000000,1.644,1,40,40,uniform-0000040-1
simulated_annealing,min,10000,-1,3,1613066,1613066,-1,0.333921,-1.000000,1.573,1,40,40,uniform-0000040-1
simulated_annealing,max,1000,-1,3,4107024,4107024,-1,0.850195,-1.000000,2.322,1,40,40,uniform-0000040-1
simulated_annealing,max,5000,-1,3,4107024,4107024,-1,0.850195,-1.000000,2.253,1,40,40,uniform-0000040-1
simulated_annealing,max,10000,-1,3,4107024,4107024,-1,0.850195,-1.000000,2.368,1,40,40,uniform-0000040-1
simulated_annealing,min,1000,-1,3,86592827996,86592827996,-1,0.408506,-1.000000,1.979,1,40,40,stars-0000040
simulated_annealing,min,5000,-1,3,86592827996,86592827996,-1,0.408506,-1.000000,1.506,1,40,40,stars-0000040
simulated_annealing,min,10000,-1,3,86592827996,86592827996,-1,0.408506,-1.000000,1.583,1,40,40,stars-0000040
simulated_annealing,max,1000,-1,3,176045589874,176045589874,-1,0.830503,-1.000000,1.991,1,40,40,stars-0000040
simulated_annealing,max,5000,-1,3,176045589874,176045589874,-1,0.830503,-1.000000,2.117,1,40,40,stars-0000040
simulated_annealing,max,10000,-1,3,176045589874,176045589874,-1,0.830503,-1.000000,2.092,1,40,40,stars-0000040
simulated_annealing,min,1000,-1,3,16252052,16252052,-1,0.222820,-1.000000,4.202,1,40,40,us-night-0000040
simulated_annealing,min,5000,-1,3,16252052,16252052,-1,0.222820,-1.000000,5.688,1,40,40,us-night-0000040
simulated_annealing,min,10000,-1,3,16252052,16252052,-1,0.222820,-1.000000,5.471,1,40,40,us-night-0000040
simulated_annealing,max,1000,-1,3,65346438,65346438,-1,0.895916,-1.000000,2.58,1,40,40,us-night-0000040
simulated_annealing,max,5000,-1,3,65346438,65346438,-1,0.895916,-1.000000,2.415,1,40,40,us-night-0000040
simulated_annealing,max,10000,-1,3,65346438,65346438,-1,0.895916,-1.000000,2.069,1,40,40,us-night-0000040
simulated_annealing,min,1000,-1,3,10918110,10918110,-1,0.215054,-1.000000,1.442,1,40,40,euro-night-0000040
simulated_annealing,min,5000,-1,3,10918110,10918110,-1,0.215054,-1.000000,1.341,1,40,40,euro-night-0000040
simulated_annealing,min,10000,-1,3,10918110,10918110,-1,0.215054,-1.000000,1.37,1,40,40,euro-night-0000040
simulated_annealing,max,1000,-1,3,45089916,45089916,-1,0.888135,-1.000000,2.698,1,40,40,euro-night-0000040
simulated_annealing,max,5000,-1,3,45089916,45089916,-1,0.888135,-1.000000,2.118,1,40,40,euro-night-0000040
simulated_annealing,max,10000,-1,3,45089916,45089916,-1,0.888135,-1.000000,2.582,1,40,40,euro-night-0000040
simulated_annealing,min,1000,-1,3,1282974,1282974,-1,0.282003,-1.000000,1.372,1,40,40,uniform-0000040-2
simulated_annealing,min,5000,-1,3,1282974,1282974,-1,0.282003,-1.000000,1.658,1,40,40,uniform-0000040-2
simulated_annealing,min,10000,-1,3,1282974,1282974,-1,0.282003,-1.000000,1.333,1,40,40,uniform-0000040-2
simulated_annealing,max,1000,-1,3,3858632,3858632,-1,0.848142,-1.000000,2.024,1,40,40,uniform-0000040-2
simulated_annealing,max,5000,-1,3,3858632,3858632,-1,0.848142,-1.000000,2.164,1,40,40,uniform-0000040-2
simulated_annealing,max,10000,-1,3,3858632,3858632,-1,0.848142,-1.000000,1.872,1,40,40,uniform-0000040-2
simulated_annealing,min,1000,-1,3,1520958,1520958,-1,0.267672,-1.000000,2.66,1,45,45,uniform-0000045-2
simulated_annealing,min,5000,-1,3,1520958,1520958,-1,0.267672,-1.000000,1.7,1,45,45,uniform-0000045-2
simulated_annealing,min,10000,-1,3,1520958,1520958,-1,0.267672,-1.000000,1.828,1,45,45,uniform-0000045-2
simulated_annealing,max,1000,-1,3,4843042,4843042,-1,0.852323,-1.000000,2.419,1,45,45,uniform-0000045-2
simulated_annealing,max,5000,-1,3,4843042,4843042,-1,0.852323,-1.000000,2.781,1,45,45,uniform-0000045-2
simulated_annealing,max,10000,-1,3,4843042,4843042,-1,0.852323,-1.000000,2.385,1,45,45,uniform-0000045-2
simulated_annealing,min,1000,-1,3,16672034,16672034,-1,0.207871,-1.000000,1.523,1,45,45,us-night-0000045
simulated_annealing,min,5000,-1,3,16672034,16672034,-1,0.207871,-1.000000,1.658,1,45,45,us-night-0000045
simulated_annealing,min,10000,-1,3,16672034,16672034,-1,0.207871,-1.000000,1.886,1,45,45,us-night-0000045
simulated_annealing,max,1000,-1,3,73838122,73838122,-1,0.920631,-1.000000,2.727,1,45,45,us-night-0000045
simulated_annealing,max,5000,-1,3,73838122,73838122,-1,0.920631,-1.000000,2.765,1,45,45,us-night-0000045
simulated_annealing,max,10000,-1,3,73838122,73838122,-1,0.920631,-1.000000,3.104,1,45,45,us-night-0000045
simulated_annealing,min,1000,-1,3,69659122,69659122,-1,0.235340,-1.000000,2.358,1,45,45,london-0000045
simulated_annealing,min,5000,-1,3,69659122,69659122,-1,0.235340,-1.000000,2.139,1,45,45,london-0000045
simulated_annealing,min,10000,-1,3,69659122,69659122,-1,0.235340,-1.000000,1.905,1,45,45,london-0000045
simulated_annealing,max,1000,-1,3,259792246,259792246,-1,0.877696,-1.000000,3.408,1,45,45,london-0000045
simulated_annealing,max,5000,-1,3,259792246,259792246,-1,0.877696,-1.000000,3.359,1,45,45,london-0000045
simulated_annealing,max,10000,-1,3,259792246,259792246,-1,0.877696,-1.000000,3.181,1,45,45,london-0000045
simulated_annealing,min,1000,-1,3,1429356,1429356,-1,0.273239,-1.000000,1.836,1,45,45,uniform-0000045-1
simulated_annealing,min,5000,-1,3,1429356,1429356,-1,0.273239,-1.000000,1.984,1,45,45,uniform-0000045-1
simulated_annealing,min,10000,-1,3,1429356,1429356,-1,0.273239,-1.000000,1.931,1,45,45,uniform-0000045-1
simulated_annealing,max,1000,-1,3,4582160,4582160,-1,0.875937,-1.000000,2.677,1,45,45,uniform-0000045-1
simulated_annealing,max,5000,-1,3,4582160,4582160,-1,0.875937,-1.000000,2.534,1,45,45,uniform-0000045-1
simulated_annealing,max,10000,-1,3,4582160,4582160,-1,0.875937,-1.000000,2.66,1,45,45,uniform-0000045-1
simulated_annealing,min,1000,-1,3,14687600,14687600,-1,0.284187,-1.000000,1.809,1,45,45,euro-night-0000045
simulated_annealing,min,5000,-1,3,14687600,14687600,-1,0.284187,-1.000000,1.749,1,45,45,euro-night-0000045
simulated_annealing,min,10000,-1,3,14687600,14687600,-1,0.284187,-1.000000,1.618,1,45,45,euro-night-0000045
simulated_annealing,max,1000,-1,3,45500126,45500126,-1,0.880373,-1.000000,2.117,1,45,45,euro-night-0000045
simulated_annealing,max,5000,-1,3,45500126,45500126,-1,0.880373,-1.000000,2.077,1,45,45,euro-night-0000045
simulated_annealing,max,10000,-1,3,45500126,45500126,-1,0.880373,-1.000000,1.852,1,45,45,euro-night-0000045
simulated_annealing,min,1000,-1,3,67815021760,67815021760,-1,0.254721,-1.000000,2.007,1,45,45,stars-0000045
simulated_annealing,min,5000,-1,3,67815021760,67815021760,-1,0.254721,-1.000000,1.728,1,45,45,stars-0000045
simulated_annealing,min,10000,-1,3,67815021760,67815021760,-1,0.254721,-1.000000,1.864,1,45,45,stars-0000045
simulated_annealing,max,1000,-1,3,229019232162,229019232162,-1,0.860223,-1.000000,3.031,1,45,45,stars-0000045
simulated_annealing,max,5000,-1,3,229019232162,229019232162,-1,0.860223,-1.000000,3.101,1,45,45,stars-0000045
simulated_annealing,max,10000,-1,3,229019232162,229019232162,-1,0.860223,-1.000000,3.129,1,45,45,stars-0000045
simulated_annealing,min,1000,-1,3,1464170,1464170,-1,0.212207,-1.000000,2.615,1,50,50,uniform-0000050-1
simulated_annealing,min,5000,-1,3,1464170,1464170,-1,0.212207,-1.000000,2.84,1,50,50,uniform-0000050-1
simulated_annealing,min,10000,-1,3,1464170,1464170,-1,0.212207,-1.000000,2.478,1,50,50,uniform-0000050-1
simulated_annealing,max,1000,-1,3,6149888,6149888,-1,0.891326,-1.000000,3.427,1,50,50,uniform-0000050-1
simulated_annealing,max,5000,-1,3,6149888,6149888,-1,0.891326,-1.000000,3.683,1,50,50,uniform-0000050-1
simulated_annealing,max,10000,-1,3,6149888,6149888,-1,0.891326,-1.000000,3.531,1,50,50,uniform-0000050-1
simulated_annealing,min,1000,-1,3,24907162,24907162,-1,0.380756,-1.000000,2.928,1,50,50,euro-night-0000050
simulated_annealing,min,5000,-1,3,24907162,24907162,-1,0.380756,-1.000000,3.014,1,50,50,euro-night-0000050
simulated_annealing,min,10000,-1,3,24907162,24907162,-1,0.380756,-1.000000,3.013,1,50,50,euro-night-0000050
simulated_annealing,max,1000,-1,3,54896666,54896666,-1,0.839207,-1.000000,3.25,1,50,50,euro-night-0000050
simulated_annealing,max,5000,-1,3,54896666,54896666,-1,0.839207,-1.000000,3.005,1,50,50,euro-night-0000050
simulated_annealing,max,10000,-1,3,54896666,54896666,-1,0.839207,-1.000000,3.082,1,50,50,euro-night-0000050
simulated_annealing,min,1000,-1,3,25614126,25614126,-1,0.307929,-1.000000,2.497,1,50,50,us-night-0000050
simulated_annealing,min,5000,-1,3,25614126,25614126,-1,0.307929,-1.000000,2.566,1,50,50,us-night-0000050
simulated_annealing,min,10000,-1,3,25614126,25614126,-1,0.307929,-1.000000,2.605,1,50,50,us-night-0000050
simulated_annealing,max,1000,-1,3,76596720,76596720,-1,0.920834,-1.000000,3.301,1,50,50,us-night-0000050
simulated_annealing,max,5000,-1,3,76596720,76596720,-1,0.920834,-1.000000,3.504,1,50,50,us-night-0000050
simulated_annealing,max,10000,-1,3,76596720,76596720,-1,0.920834,-1.000000,3.624,1,50,50,us-night-0000050
simulated_annealing,min,1000,-1,3,84638118,84638118,-1,0.337129,-1.000000,2.028,1,50,50,london-0000050
simulated_annealing,min,5000,-1,3,84638118,84638118,-1,0.337129,-1.000000,2.116,1,50,50,london-0000050
simulated_annealing,min,10000,-1,3,84638118,84638118,-1,0.337129,-1.000000,2.038,1,50,50,london-0000050
simulated_annealing,max,1000,-1,3,221852394,221852394,-1,0.883678,-1.000000,3.828,1,50,50,london-0000050
simulated_annealing,max,5000,-1,3,221852394,221852394,-1,0.883678,-1.000000,2.919,1,50,50,london-0000050
simulated_annealing,max,10000,-1,3,221852394,221852394,-1,0.883678,-1.000000,2.866,1,50,50,london-0000050
simulated_annealing,min,1000,-1,3,2010092,2010092,-1,0.256114,-1.000000,2.961,1,50,50,uniform-0000050-2
simulated_annealing,min,5000,-1,3,2010092,2010092,-1,0.256114,-1.000000,3.553,1,50,50,uniform-0000050-2
simulated_annealing,min,10000,-1,3,2010092,2010092,-1,0.256114,-1.000000,3.066,1,50,50,uniform-0000050-2
simulated_annealing,max,1000,-1,3,6481920,6481920,-1,0.825888,-1.000000,3.355,1,50,50,uniform-0000050-2
simulated_annealing,max,5000,-1,3,6481920,6481920,-1,0.825888,-1.000000,3.327,1,50,50,uniform-0000050-2
simulated_annealing,max,10000,-1,3,6481920,6481920,-1,0.825888,-1.000000,3.425,1,50,50,uniform-0000050-2
simulated_annealing,min,1000,-1,3,88103442318,88103442318,-1,0.332588,-1.000000,3.405,1,50,50,stars-0000050
simulated_annealing,min,5000,-1,3,88103442318,88103442318,-1,0.332588,-1.000000,2.592,1,50,50,stars-0000050
simulated_annealing,min,10000,-1,3,88103442318,88103442318,-1,0.332588,-1.000000,2.895,1,50,50,stars-0000050
simulated_annealing,max,1000,-1,3,236771507370,236771507370,-1,0.893806,-1.000000,2.702,1,50,50,stars-0000050
simulated_annealing,max,5000,-1,3,236771507370,236771507370,-1,0.893806,-1.000000,3.029,1,50,50,stars-0000050
simulated_annealing,max,10000,-1,3,236771507370,236771507370,-1,0.893806,-1.000000,3.588,1,50,50,stars-0000050
simulated_annealing,min,1000,-1,3,3176894,3176894,-1,0.282292,-1.000000,3.751,1,60,60,uniform-0000060-2
simulated_annealing,min,5000,-1,3,3176894,3176894,-1,0.282292,-1.000000,5.237,1,60,60,uniform-0000060-2
simulated_annealing,min,10000,-1,3,3176894,3176894,-1,0.282292,-1.000000,3.888,1,60,60,uniform-0000060-2
simulated_annealing,max,1000,-1,3,9612690,9612690,-1,0.854163,-1.000000,5.881,1,60,60,uniform-0000060-2
simulated_annealing,max,5000,-1,3,9612690,9612690,-1,0.854163,-1.000000,5.903,1,60,60,uniform-0000060-2
simulated_annealing,max,10000,-1,3,9612690,9612690,-1,0.854163,-1.000000,7.921,1,60,60,uniform-0000060-2
simulated_annealing,min,1000,-1,3,11163910,11163910,-1,0.177956,-1.000000,3.823,1,60,60,euro-night-0000060
simulated_annealing,min,5000,-1,3,11163910,11163910,-1,0.177956,-1.000000,4.163,1,60,60,euro-night-0000060
simulated_annealing,min,10000,-1,3,11163910,11163910,-1,0.177956,-1.000000,4.32,1,60,60,euro-night-0000060
simulated_annealing,max,1000,-1,3,55392020,55392020,-1,0.882963,-1.000000,5.127,1,60,60,euro-night-0000060
simulated_annealing,max,5000,-1,3,55392020,55392020,-1,0.882963,-1.000000,5.554,1,60,60,euro-night-0000060
simulated_annealing,max,10000,-1,3,55392020,55392020,-1,0.882963,-1.000000,5.745,1,60,60,euro-night-0000060
simulated_annealing,min,1000,-1,3,3160406,3160406,-1,0.302056,-1.000000,3.563,1,60,60,uniform-0000060-1
simulated_annealing,min,5000,-1,3,3160406,3160406,-1,0.302056,-1.000000,4.453,1,60,60,uniform-0000060-1
simulated_annealing,min,10000,-1,3,3160406,3160406,-1,0.302056,-1.000000,3.646,1,60,60,uniform-0000060-1
simulated_annealing,max,1000,-1,3,8895370,8895370,-1,0.850175,-1.000000,4.679,1,60,60,uniform-0000060-1
simulated_annealing,max,5000,-1,3,8895370,8895370,-1,0.850175,-1.000000,4.585,1,60,60,uniform-0000060-1
simulated_annealing,max,10000,-1,3,8895370,8895370,-1,0.850175,-1.000000,5.087,1,60,60,uniform-0000060-1
simulated_annealing,min,1000,-1,3,78224680,78224680,-1,0.243275,-1.000000,5.421,1,60,60,london-0000060
simulated_annealing,min,5000,-1,3,78224680,78224680,-1,0.243275,-1.000000,4.163,1,60,60,london-0000060
simulated_annealing,min,10000,-1,3,78224680,78224680,-1,0.243275,-1.000000,4.313,1,60,60,london-0000060
simulated_annealing,max,1000,-1,3,273545608,273545608,-1,0.850714,-1.000000,6.339,1,60,60,london-0000060
simulated_annealing,max,5000,-1,3,273545608,273545608,-1,0.850714,-1.000000,5.696,1,60,60,london-0000060
simulated_annealing,max,10000,-1,3,273545608,273545608,-1,0.850714,-1.000000,5.844,1,60,60,london-0000060
simulated_annealing,min,1000,-1,3,17681786,17681786,-1,0.184248,-1.000000,4.716,1,60,60,us-night-0000060
simulated_annealing,min,5000,-1,3,17681786,17681786,-1,0.184248,-1.000000,3.783,1,60,60,us-night-0000060
simulated_annealing,min,10000,-1,3,17681786,17681786,-1,0.184248,-1.000000,3.418,1,60,60,us-night-0000060
simulated_annealing,max,1000,-1,3,86101774,86101774,-1,0.897197,-1.000000,4.744,1,60,60,us-night-0000060
simulated_annealing,max,5000,-1,3,86101774,86101774,-1,0.897197,-1.000000,4.375,1,60,60,us-night-0000060
simulated_annealing,max,10000,-1,3,86101774,86101774,-1,0.897197,-1.000000,4.693,1,60,60,us-night-0000060
simulated_annealing,min,1000,-1,3,62190904098,62190904098,-1,0.238669,-1.000000,2.954,1,60,60,stars-0000060
simulated_annealing,min,5000,-1,3,62190904098,62190904098,-1,0.238669,-1.000000,2.791,1,60,60,stars-0000060
simulated_annealing,min,10000,-1,3,62190904098,62190904098,-1,0.238669,-1.000000,2.896,1,60,60,stars-0000060
simulated_annealing,max,1000,-1,3,221872628586,221872628586,-1,0.851477,-1.000000,5.268,1,60,60,stars-0000060
simulated_annealing,max,5000,-1,3,221872628586,221872628586,-1,0.851477,-1.000000,6.185,1,60,60,stars-0000060
simulated_annealing,max,10000,-1,3,221872628586,221872628586,-1,0.851477,-1.000000,5.282,1,60,60,stars-0000060
simulated_annealing,min,1000,-1,3,89348633722,89348633722,-1,0.304960,-1.000000,5.78,1,70,70,stars-0000070
simulated_annealing,min,5000,-1,3,89348633722,89348633722,-1,0.304960,-1.000000,6.232,1,70,70,stars-0000070
simulated_annealing,min,10000,-1,3,89348633722,89348633722,-1,0.304960,-1.000000,6.323,1,70,70,stars-0000070
simulated_annealing,max,1000,-1,3,247135058476,247135058476,-1,0.843509,-1.000000,8.284,1,70,70,stars-0000070
simulated_annealing,max,5000,-1,3,247135058476,247135058476,-1,0.843509,-1.000000,9.092,1,70,70,stars-0000070
simulated_annealing,max,10000,-1,3,247135058476,247135058476,-1,0.843509,-1.000000,8.764,1,70,70,stars-0000070
simulated_annealing,min,1000,-1,3,4091232,4091232,-1,0.268969,-1.000000,4.441,1,70,70,uniform-0000070-2
simulated_annealing,min,5000,-1,3,4091232,4091232,-1,0.268969,-1.000000,4.857,1,70,70,uniform-0000070-2
simulated_annealing,min,10000,-1,3,4091232,4091232,-1,0.268969,-1.000000,4.708,1,70,70,uniform-0000070-2
simulated_annealing,max,1000,-1,3,13128790,13128790,-1,0.863123,-1.000000,7.495,1,70,70,uniform-0000070-2
simulated_annealing,max,5000,-1,3,13128790,13128790,-1,0.863123,-1.000000,7.259,1,70,70,uniform-0000070-2
simulated_annealing,max,10000,-1,3,13128790,13128790,-1,0.863123,-1.000000,7.621,1,70,70,uniform-0000070-2
simulated_annealing,min,1000,-1,3,10219488,10219488,-1,0.179111,-1.000000,5.573,1,70,70,euro-night-0000070
simulated_annealing,min,5000,-1,3,10219488,10219488,-1,0.179111,-1.000000,6.211,1,70,70,euro-night-0000070
simulated_annealing,min,10000,-1,3,10219488,10219488,-1,0.179111,-1.000000,8.186,1,70,70,euro-night-0000070
simulated_annealing,max,1000,-1,3,49157224,49157224,-1,0.861551,-1.000000,7.914,1,70,70,euro-night-0000070
simulated_annealing,max,5000,-1,3,49157224,49157224,-1,0.861551,-1.000000,9.484,1,70,70,euro-night-0000070
simulated_annealing,max,10000,-1,3,49157224,49157224,-1,0.861551,-1.000000,8.864,1,70,70,euro-night-0000070
simulated_annealing,min,1000,-1,3,4656170,4656170,-1,0.298702,-1.000000,5.156,1,70,70,uniform-0000070-1
simulated_annealing,min,5000,-1,3,4656170,4656170,-1,0.298702,-1.000000,5.252,1,70,70,uniform-0000070-1
simulated_annealing,min,10000,-1,3,4656170,4656170,-1,0.298702,-1.000000,5.212,1,70,70,uniform-0000070-1
simulated_annealing,max,1000,-1,3,13553548,13553548,-1,0.869485,-1.000000,8.779,1,70,70,uniform-0000070-1
simulated_annealing,max,5000,-1,3,13553548,13553548,-1,0.869485,-1.000000,9.679,1,70,70,uniform-0000070-1
simulated_annealing,max,10000,-1,3,13553548,13553548,-1,0.869485,-1.000000,7.4,1,70,70,uniform-0000070-1
simulated_annealing,min,1000,-1,3,20150246,20150246,-1,0.224804,-1.000000,5.259,1,70,70,us-night-0000070
simulated_annealing,min,5000,-1,3,20150246,20150246,-1,0.224804,-1.000000,5.026,1,70,70,us-night-0000070
simulated_annealing,min,10000,-1,3,20150246,20150246,-1,0.224804,-1.000000,4.549,1,70,70,us-night-0000070
simulated_annealing,max,1000,-1,3,81322602,81322602,-1,0.907266,-1.000000,8.899,1,70,70,us-night-0000070
simulated_annealing,max,5000,-1,3,81322602,81322602,-1,0.907266,-1.000000,8.657,1,70,70,us-night-0000070
simulated_annealing,max,10000,-1,3,81322602,81322602,-1,0.907266,-1.000000,9.607,1,70,70,us-night-0000070
simulated_annealing,min,1000,-1,3,74631928,74631928,-1,0.244121,-1.000000,5.904,1,70,70,london-0000070
simulated_annealing,min,5000,-1,3,74631928,74631928,-1,0.244121,-1.000000,6.036,1,70,70,london-0000070
simulated_annealing,min,10000,-1,3,74631928,74631928,-1,0.244121,-1.000000,9.512,1,70,70,london-0000070
simulated_annealing,max,1000,-1,3,269256888,269256888,-1,0.880738,-1.000000,6.943,1,70,70,london-0000070
simulated_annealing,max,5000,-1,3,269256888,269256888,-1,0.880738,-1.000000,7.1,1,70,70,london-0000070
simulated_annealing,max,10000,-1,3,269256888,269256888,-1,0.880738,-1.000000,7.618,1,70,70,london-0000070
simulated_annealing,min,1000,-1,3,24305050,24305050,-1,0.241034,-1.000000,6.24,1,80,80,us-night-0000080
simulated_annealing,min,5000,-1,3,24305050,24305050,-1,0.241034,-1.000000,6.631,1,80,80,us-night-0000080
simulated_annealing,min,10000,-1,3,24305050,24305050,-1,0.241034,-1.000000,6.614,1,80,80,us-night-0000080
simulated_annealing,max,1000,-1,3,92276316,92276316,-1,0.915107,-1.000000,12.343,1,80,80,us-night-0000080
simulated_annealing,max,5000,-1,3,92276316,92276316,-1,0.915107,-1.000000,11.012,1,80,80,us-night-0000080
simulated_annealing,max,10000,-1,3,92276316,92276316,-1,0.915107,-1.000000,11.876,1,80,80,us-night-0000080
simulated_annealing,min,1000,-1,3,14510332,14510332,-1,0.207302,-1.000000,8.424,1,80,80,euro-night-0000080
simulated_annealing,min,5000,-1,3,14510332,14510332,-1,0.207302,-1.000000,7.575,1,80,80,euro-night-0000080
simulated_annealing,min,10000,-1,3,14510332,14510332,-1,0.207302,-1.000000,9.433,1,80,80,euro-night-0000080
simulated_annealing,max,1000,-1,3,64671506,64671506,-1,0.923928,-1.000000,11.373,1,80,80,euro-night-0000080
simulated_annealing,max,5000,-1,3,64671506,64671506,-1,0.923928,-1.000000,11.052,1,80,80,euro-night-0000080
simulated_annealing,max,10000,-1,3,64671506,64671506,-1,0.923928,-1.000000,11.472,1,80,80,euro-night-0000080
simulated_annealing,min,1000,-1,3,6934916,6934916,-1,0.331762,-1.000000,8.048,1,80,80,uniform-0000080-1
simulated_annealing,min,5000,-1,3,6934916,6934916,-1,0.331762,-1.000000,7.09,1,80,80,uniform-0000080-1
simulated_annealing,min,10000,-1,3,6934916,6934916,-1,0.331762,-1.000000,8.473,1,80,80,uniform-0000080-1
simulated_annealing,max,1000,-1,3,17177436,17177436,-1,0.821757,-1.000000,10.608,1,80,80,uniform-0000080-1
simulated_annealing,max,5000,-1,3,17177436,17177436,-1,0.821757,-1.000000,10.86,1,80,80,uniform-0000080-1
simulated_annealing,max,10000,-1,3,17177436,17177436,-1,0.821757,-1.000000,11.054,1,80,80,uniform-0000080-1
simulated_annealing,min,1000,-1,3,6270308,6270308,-1,0.314476,-1.000000,6.081,1,80,80,uniform-0000080-2
simulated_annealing,min,5000,-1,3,6270308,6270308,-1,0.314476,-1.000000,6.597,1,80,80,uniform-0000080-2
simulated_annealing,min,10000,-1,3,6270308,6270308,-1,0.314476,-1.000000,6.844,1,80,80,uniform-0000080-2
simulated_annealing,max,1000,-1,3,16813648,16813648,-1,0.843259,-1.000000,10.551,1,80,80,uniform-0000080-2
simulated_annealing,max,5000,-1,3,16813648,16813648,-1,0.843259,-1.000000,11.002,1,80,80,uniform-0000080-2
simulated_annealing,max,10000,-1,3,16813648,16813648,-1,0.843259,-1.000000,10.724,1,80,80,uniform-0000080-2
simulated_annealing,min,1000,-1,3,103827303260,103827303260,-1,0.317978,-1.000000,6.617,1,80,80,stars-0000080
simulated_annealing,min,5000,-1,3,103827303260,103827303260,-1,0.317978,-1.000000,6.384,1,80,80,stars-0000080
simulated_annealing,min,10000,-1,3,103827303260,103827303260,-1,0.317978,-1.000000,6.83,1,80,80,stars-0000080
simulated_annealing,max,1000,-1,3,276189173292,276189173292,-1,0.845848,-1.000000,7.719,1,80,80,stars-0000080
simulated_annealing,max,5000,-1,3,276189173292,276189173292,-1,0.845848,-1.000000,8.495,1,80,80,stars-0000080
simulated_annealing,max,10000,-1,3,276189173292,276189173292,-1,0.845848,-1.000000,8.43,1,80,80,stars-0000080
simulated_annealing,min,1000,-1,3,87047676,87047676,-1,0.208415,-1.000000,7.296,1,80,80,london-0000080
simulated_annealing,min,5000,-1,3,87047676,87047676,-1,0.208415,-1.000000,7.448,1,80,80,london-0000080
simulated_annealing,min,10000,-1,3,87047676,87047676,-1,0.208415,-1.000000,7.848,1,80,80,london-0000080
simulated_annealing,max,1000,-1,3,366406156,366406156,-1,0.877273,-1.000000,11.347,1,80,80,london-0000080
simulated_annealing,max,5000,-1,3,366406156,366406156,-1,0.877273,-1.000000,10.906,1,80,80,london-0000080
simulated_annealing,max,10000,-1,3,366406156,366406156,-1,0.877273,-1.000000,11.236,1,80,80,london-0000080
simulated_annealing,min,1000,-1,3,25958012,25958012,-1,0.287005,-1.000000,9.985,1,90,90,us-night-0000090
simulated_annealing,min,5000,-1,3,25958012,25958012,-1,0.287005,-1.000000,9.804,1,90,90,us-night-0000090
simulated_annealing,min,10000,-1,3,25958012,25958012,-1,0.287005,-1.000000,10.329,1,90,90,us-night-0000090
simulated_annealing,max,1000,-1,3,79849422,79849422,-1,0.882855,-1.000000,15.054,1,90,90,us-night-0000090
simulated_annealing,max,5000,-1,3,79849422,79849422,-1,0.882855,-1.000000,15.491,1,90,90,us-night-0000090
simulated_annealing,max,10000,-1,3,79849422,79849422,-1,0.882855,-1.000000,15.44,1,90,90,us-night-0000090
simulated_annealing,min,1000,-1,3,7931920,7931920,-1,0.319210,-1.000000,10.144,1,90,90,uniform-0000090-2
simulated_annealing,min,5000,-1,3,7931920,7931920,-1,0.319210,-1.000000,10.434,1,90,90,uniform-0000090-2
simulated_annealing,min,10000,-1,3,7931920,7931920,-1,0.319210,-1.000000,10.365,1,90,90,uniform-0000090-2
simulated_annealing,max,1000,-1,3,20899188,20899188,-1,0.841062,-1.000000,18.18,1,90,90,uniform-0000090-2
simulated_annealing,max,5000,-1,3,20899188,20899188,-1,0.841062,-1.000000,17.728,1,90,90,uniform-0000090-2
simulated_annealing,max,10000,-1,3,20899188,20899188,-1,0.841062,-1.000000,19.859,1,90,90,uniform-0000090-2
simulated_annealing,min,1000,-1,3,85648910,85648910,-1,0.222896,-1.000000,8.494,1,90,90,london-0000090
simulated_annealing,min,5000,-1,3,85648910,85648910,-1,0.222896,-1.000000,8.048,1,90,90,london-0000090
simulated_annealing,min,10000,-1,3,85648910,85648910,-1,0.222896,-1.000000,8.202,1,90,90,london-0000090
simulated_annealing,max,1000,-1,3,338993598,338993598,-1,0.882210,-1.000000,14.282,1,90,90,london-0000090
simulated_annealing,max,5000,-1,3,338993598,338993598,-1,0.882210,-1.000000,13.526,1,90,90,london-0000090
simulated_annealing,max,10000,-1,3,338993598,338993598,-1,0.882210,-1.000000,14.113,1,90,90,london-0000090
simulated_annealing,min,1000,-1,3,8361692,8361692,-1,0.331200,-1.000000,8.587,1,90,90,uniform-0000090-1
simulated_annealing,min,5000,-1,3,8361692,8361692,-1,0.331200,-1.000000,8.437,1,90,90,uniform-0000090-1
simulated_annealing,min,10000,-1,3,8361692,8361692,-1,0.331200,-1.000000,8.59,1,90,90,uniform-0000090-1
simulated_annealing,max,1000,-1,3,21248816,21248816,-1,0.841648,-1.000000,20.169,1,90,90,uniform-0000090-1
simulated_annealing,max,5000,-1,3,21248816,21248816,-1,0.841648,-1.000000,18.218,1,90,90,uniform-0000090-1
simulated_annealing,max,10000,-1,3,21248816,21248816,-1,0.841648,-1.000000,17.104,1,90,90,uniform-0000090-1
simulated_annealing,min,1000,-1,3,16558786,16558786,-1,0.238593,-1.000000,11.687,1,90,90,euro-night-0000090
simulated_annealing,min,5000,-1,3,16558786,16558786,-1,0.238593,-1.000000,11.769,1,90,90,euro-night-0000090
simulated_annealing,min,10000,-1,3,16558786,16558786,-1,0.238593,-1.000000,11.007,1,90,90,euro-night-0000090
simulated_annealing,max,1000,-1,3,62452246,62452246,-1,0.899865,-1.000000,17.66,1,90,90,euro-night-0000090
simulated_annealing,max,5000,-1,3,62452246,62452246,-1,0.899865,-1.000000,18.883,1,90,90,euro-night-0000090
simulated_annealing,max,10000,-1,3,62452246,62452246,-1,0.899865,-1.000000,18.574,1,90,90,euro-night-0000090
simulated_annealing,min,1000,-1,3,77798072276,77798072276,-1,0.268377,-1.000000,8.855,1,90,90,stars-0000090
simulated_annealing,min,5000,-1,3,77798072276,77798072276,-1,0.268377,-1.000000,8.081,1,90,90,stars-0000090
simulated_annealing,min,10000,-1,3,77798072276,77798072276,-1,0.268377,-1.000000,8.518,1,90,90,stars-0000090
simulated_annealing,max,1000,-1,3,243365425736,243365425736,-1,0.839527,-1.000000,11.99,1,90,90,stars-0000090
simulated_annealing,max,5000,-1,3,243365425736,243365425736,-1,0.839527,-1.000000,11.733,1,90,90,stars-0000090
simulated_annealing,max,10000,-1,3,243365425736,243365425736,-1,0.839527,-1.000000,11.547,1,90,90,stars-0000090
simulated_annealing,min,1000,-1,3,91465000,91465000,-1,0.240074,-1.000000,18.419,1,100,100,london-0000100
simulated_annealing,min,5000,-1,3,91465000,91465000,-1,0.240074,-1.000000,14.592,1,100,100,london-0000100
simulated_annealing,min,10000,-1,3,91465000,91465000,-1,0.240074,-1.000000,14.703,1,100,100,london-0000100
simulated_annealing,max,1000,-1,3,328111048,328111048,-1,0.861216,-1.000000,21.271,1,100,100,london-0000100
simulated_annealing,max,5000,-1,3,328111048,328111048,-1,0.861216,-1.000000,20.337,1,100,100,london-0000100
simulated_annealing,max,10000,-1,3,328111048,328111048,-1,0.861216,-1.000000,21.621,1,100,100,london-0000100
simulated_annealing,min,1000,-1,3,8413016,8413016,-1,0.286438,-1.000000,11.637,1,100,100,uniform-0000100-2
simulated_annealing,min,5000,-1,3,8413016,8413016,-1,0.286438,-1.000000,12.014,1,100,100,uniform-0000100-2
simulated_annealing,min,10000,-1,3,8413016,8413016,-1,0.286438,-1.000000,11.325,1,100,100,uniform-0000100-2
simulated_annealing,max,1000,-1,3,25313562,25313562,-1,0.861850,-1.000000,18.026,1,100,100,uniform-0000100-2
simulated_annealing,max,5000,-1,3,25313562,25313562,-1,0.861850,-1.000000,18.722,1,100,100,uniform-0000100-2
simulated_annealing,max,10000,-1,3,25313562,25313562,-1,0.861850,-1.000000,18.663,1,100,100,uniform-0000100-2
simulated_annealing,min,1000,-1,3,19100194,19100194,-1,0.207325,-1.000000,10.639,1,100,100,us-night-0000100
simulated_annealing,min,5000,-1,3,19100194,19100194,-1,0.207325,-1.000000,10.918,1,100,100,us-night-0000100
simulated_annealing,min,10000,-1,3,19100194,19100194,-1,0.207325,-1.000000,11.177,1,100,100,us-night-0000100
simulated_annealing,max,1000,-1,3,82959816,82959816,-1,0.900494,-1.000000,19.743,1,100,100,us-night-0000100
simulated_annealing,max,5000,-1,3,82959816,82959816,-1,0.900494,-1.000000,21.033,1,100,100,us-night-0000100
simulated_annealing,max,10000,-1,3,82959816,82959816,-1,0.900494,-1.000000,20.917,1,100,100,us-night-0000100
simulated_annealing,min,1000,-1,3,17302180,17302180,-1,0.229220,-1.000000,13.064,1,100,100,euro-night-0000100
simulated_annealing,min,5000,-1,3,17302180,17302180,-1,0.229220,-1.000000,14,1,100,100,euro-night-0000100
simulated_annealing,min,10000,-1,3,17302180,17302180,-1,0.229220,-1.000000,12.904,1,100,100,euro-night-0000100
simulated_annealing,max,1000,-1,3,68241772,68241772,-1,0.904071,-1.000000,20.353,1,100,100,euro-night-0000100
simulated_annealing,max,5000,-1,3,68241772,68241772,-1,0.904071,-1.000000,22.606,1,100,100,euro-night-0000100
simulated_annealing,max,10000,-1,3,68241772,68241772,-1,0.904071,-1.000000,23.238,1,100,100,euro-night-0000100
simulated_annealing,min,1000,-1,3,10185748,10185748,-1,0.305754,-1.000000,12.421,1,100,100,uniform-0000100-1
simulated_annealing,min,5000,-1,3,10185748,10185748,-1,0.305754,-1.000000,12.619,1,100,100,uniform-0000100-1
simulated_annealing,min,10000,-1,3,10185748,10185748,-1,0.305754,-1.000000,12.485,1,100,100,uniform-0000100-1
simulated_annealing,max,1000,-1,3,27042910,27042910,-1,0.811768,-1.000000,18.232,1,100,100,uniform-0000100-1
simulated_annealing,max,5000,-1,3,27042910,27042910,-1,0.811768,-1.000000,18.164,1,100,100,uniform-0000100-1
simulated_annealing,max,10000,-1,3,27042910,27042910,-1,0.811768,-1.000000,21.017,1,100,100,uniform-0000100-1
simulated_annealing,min,1000,-1,3,67208812080,67208812080,-1,0.239375,-1.000000,11.283,1,100,100,stars-0000100
simulated_annealing,min,5000,-1,3,67208812080,67208812080,-1,0.239375,-1.000000,11.787,1,100,100,stars-0000100
simulated_annealing,min,10000,-1,3,67208812080,67208812080,-1,0.239375,-1.000000,11.42,1,100,100,stars-0000100
simulated_annealing,max,1000,-1,3,235895291676,235895291676,-1,0.840177,-1.000000,22.054,1,100,100,stars-0000100
simulated_annealing,max,5000,-1,3,235895291676,235895291676,-1,0.840177,-1.000000,23.204,1,100,100,stars-0000100
simulated_annealing,max,10000,-1,3,235895291676,235895291676,-1,0.840177,-1.000000,22.394,1,100,100,stars-0000100
simulated_annealing,min,1000,-1,3,34992844,34992844,-1,0.269466,-1.000000,34.226,1,200,200,uniform-0000200-2
simulated_annealing,min,5000,-1,3,34992844,34992844,-1,0.269466,-1.000000,31.777,1,200,200,uniform-0000200-2
simulated_annealing,min,10000,-1,3,34992844,34992844,-1,0.269466,-1.000000,32.288,1,200,200,uniform-0000200-2
simulated_annealing,max,1000,-1,3,107774240,107774240,-1,0.829925,-1.000000,49.67,1,200,200,uniform-0000200-2
simulated_annealing,max,5000,-1,3,107774240,107774240,-1,0.829925,-1.000000,44.044,1,200,200,uniform-0000200-2
simulated_annealing,max,10000,-1,3,107774240,107774240,-1,0.829925,-1.000000,50.638,1,200,200,uniform-0000200-2
simulated_annealing,min,1000,-1,3,86678697870,86678697870,-1,0.260611,-1.000000,34.515,1,200,200,stars-0000200
simulated_annealing,min,5000,-1,3,86678697870,86678697870,-1,0.260611,-1.000000,37.48,1,200,200,stars-0000200
simulated_annealing,min,10000,-1,3,86678697870,86678697870,-1,0.260611,-1.000000,37.972,1,200,200,stars-0000200
simulated_annealing,max,1000,-1,3,268187515434,268187515434,-1,0.806341,-1.000000,60.478,1,200,200,stars-0000200
simulated_annealing,max,5000,-1,3,268187515434,268187515434,-1,0.806341,-1.000000,59.806,1,200,200,stars-0000200
simulated_annealing,max,10000,-1,3,268187515434,268187515434,-1,0.806341,-1.000000,59.976,1,200,200,stars-0000200
simulated_annealing,min,1000,-1,3,39754546,39754546,-1,0.295949,-1.000000,36.66,1,200,200,uniform-0000200-1
simulated_annealing,min,5000,-1,3,39754546,39754546,-1,0.295949,-1.000000,33.525,1,200,200,uniform-0000200-1
simulated_annealing,min,10000,-1,3,39754546,39754546,-1,0.295949,-1.000000,33.797,1,200,200,uniform-0000200-1
simulated_annealing,max,1000,-1,3,108338778,108338778,-1,0.806518,-1.000000,37.971,1,200,200,uniform-0000200-1
simulated_annealing,max,5000,-1,3,108338778,108338778,-1,0.806518,-1.000000,38.504,1,200,200,uniform-0000200-1
simulated_annealing,max,10000,-1,3,108338778,108338778,-1,0.806518,-1.000000,36.372,1,200,200,uniform-0000200-1
simulated_annealing,min,1000,-1,3,17268548,17268548,-1,0.223323,-1.000000,34.973,1,200,200,euro-night-0000200
simulated_annealing,min,5000,-1,3,17268548,17268548,-1,0.223323,-1.000000,36.968,1,200,200,euro-night-0000200
simulated_annealing,min,10000,-1,3,17268548,17268548,-1,0.223323,-1.000000,34.106,1,200,200,euro-night-0000200
simulated_annealing,max,1000,-1,3,66010462,66010462,-1,0.853672,-1.000000,56.181,1,200,200,euro-night-0000200
simulated_annealing,max,5000,-1,3,66010462,66010462,-1,0.853672,-1.000000,56.93,1,200,200,euro-night-0000200
simulated_annealing,max,10000,-1,3,66010462,66010462,-1,0.853672,-1.000000,54.338,1,200,200,euro-night-0000200
simulated_annealing,min,1000,-1,3,19978170,19978170,-1,0.188566,-1.000000,35,1,200,200,us-night-0000200
simulated_annealing,min,5000,-1,3,19978170,19978170,-1,0.188566,-1.000000,36.971,1,200,200,us-night-0000200
simulated_annealing,min,10000,-1,3,19978170,19978170,-1,0.188566,-1.000000,34.813,1,200,200,us-night-0000200
simulated_annealing,max,1000,-1,3,91412412,91412412,-1,0.862805,-1.000000,52.621,1,200,200,us-night-0000200
simulated_annealing,max,5000,-1,3,91412412,91412412,-1,0.862805,-1.000000,52.644,1,200,200,us-night-0000200
simulated_annealing,max,10000,-1,3,91412412,91412412,-1,0.862805,-1.000000,50.478,1,200,200,us-night-0000200
simulated_annealing,min,1000,-1,3,56277738,56277738,-1,0.206792,-1.000000,33.692,1,200,200,paris-0000200
simulated_annealing,min,5000,-1,3,56277738,56277738,-1,0.206792,-1.000000,32.311,1,200,200,paris-0000200
simulated_annealing,min,10000,-1,3,56277738,56277738,-1,0.206792,-1.000000,33.191,1,200,200,paris-0000200
simulated_annealing,max,1000,-1,3,225478594,225478594,-1,0.828518,-1.000000,46.389,1,200,200,paris-0000200
simulated_annealing,max,5000,-1,3,225478594,225478594,-1,0.828518,-1.000000,47.041,1,200,200,paris-0000200
simulated_annealing,max,10000,-1,3,225478594,225478594,-1,0.828518,-1.000000,43.239,1,200,200,paris-0000200
simulated_annealing,min,1000,-1,3,88426068,88426068,-1,0.287715,-1.000000,51.679,1,300,300,uniform-0000300-1
simulated_annealing,min,5000,-1,3,88426068,88426068,-1,0.287715,-1.000000,51.994,1,300,300,uniform-0000300-1
simulated_annealing,min,10000,-1,3,88426068,88426068,-1,0.287715,-1.000000,50.714,1,300,300,uniform-0000300-1
simulated_annealing,max,1000,-1,3,247541056,247541056,-1,0.805434,-1.000000,78.097,1,300,300,uniform-0000300-1
simulated_annealing,max,5000,-1,3,247541056,247541056,-1,0.805434,-1.000000,80.22,1,300,300,uniform-0000300-1
simulated_annealing,max,10000,-1,3,247541056,247541056,-1,0.805434,-1.000000,78.427,1,300,300,uniform-0000300-1
simulated_annealing,min,1000,-1,3,16176452,16176452,-1,0.199613,-1.000000,55.174,1,300,300,euro-night-0000300
simulated_annealing,min,5000,-1,3,16176452,16176452,-1,0.199613,-1.000000,55.205,1,300,300,euro-night-0000300
simulated_annealing,min,10000,-1,3,16176452,16176452,-1,0.199613,-1.000000,56.177,1,300,300,euro-night-0000300
simulated_annealing,max,1000,-1,3,65904860,65904860,-1,0.813248,-1.000000,88.207,1,300,300,euro-night-0000300
simulated_annealing,max,5000,-1,3,65904860,65904860,-1,0.813248,-1.000000,87.293,1,300,300,euro-night-0000300
simulated_annealing,max,10000,-1,3,65904860,65904860,-1,0.813248,-1.000000,86.609,1,300,300,euro-night-0000300
simulated_annealing,min,1000,-1,3,20337996,20337996,-1,0.175773,-1.000000,56.869,1,300,300,us-night-0000300
simulated_annealing,min,5000,-1,3,20337996,20337996,-1,0.175773,-1.000000,57.745,1,300,300,us-night-0000300
simulated_annealing,min,10000,-1,3,20337996,20337996,-1,0.175773,-1.000000,57.971,1,300,300,us-night-0000300
simulated_annealing,max,1000,-1,3,88891832,88891832,-1,0.768257,-1.000000,79.307,1,300,300,us-night-0000300
simulated_annealing,max,5000,-1,3,88891832,88891832,-1,0.768257,-1.000000,75.858,1,300,300,us-night-0000300
simulated_annealing,max,10000,-1,3,88891832,88891832,-1,0.768257,-1.000000,78.198,1,300,300,us-night-0000300
simulated_annealing,min,1000,-1,3,80317988,80317988,-1,0.261458,-1.000000,56.133,1,300,300,uniform-0000300-2
simulated_annealing,min,5000,-1,3,80317988,80317988,-1,0.261458,-1.000000,54.042,1,300,300,uniform-0000300-2
simulated_annealing,min,10000,-1,3,80317988,80317988,-1,0.261458,-1.000000,55.959,1,300,300,uniform-0000300-2
simulated_annealing,max,1000,-1,3,240885544,240885544,-1,0.784152,-1.000000,95.205,1,300,300,uniform-0000300-2
simulated_annealing,max,5000,-1,3,240885544,240885544,-1,0.784152,-1.000000,92.596,1,300,300,uniform-0000300-2
simulated_annealing,max,10000,-1,3,240885544,240885544,-1,0.784152,-1.000000,102.809,1,300,300,uniform-0000300-2
simulated_annealing,min,1000,-1,3,66009422,66009422,-1,0.237047,-1.000000,50.859,1,300,300,paris-0000300
simulated_annealing,min,5000,-1,3,66009422,66009422,-1,0.237047,-1.000000,46.472,1,300,300,paris-0000300
simulated_annealing,min,10000,-1,3,66009422,66009422,-1,0.237047,-1.000000,47.939,1,300,300,paris-0000300
simulated_annealing,max,1000,-1,3,217314066,217314066,-1,0.780398,-1.000000,83.169,1,300,300,paris-0000300
simulated_annealing,max,5000,-1,3,217314066,217314066,-1,0.780398,-1.000000,80.941,1,300,300,paris-0000300
simulated_annealing,max,10000,-1,3,217314066,217314066,-1,0.780398,-1.000000,83.734,1,300,300,paris-0000300
simulated_annealing,min,1000,-1,3,81320992392,81320992392,-1,0.233633,-1.000000,49.641,1,300,300,stars-0000300
simulated_annealing,min,5000,-1,3,81320992392,81320992392,-1,0.233633,-1.000000,49.458,1,300,300,stars-0000300
simulated_annealing,min,10000,-1,3,81320992392,81320992392,-1,0.233633,-1.000000,50.607,1,300,300,stars-0000300
simulated_annealing,max,1000,-1,3,284339819580,284339819580,-1,0.816902,-1.000000,87.972,1,300,300,stars-0000300
simulated_annealing,max,5000,-1,3,284339819580,284339819580,-1,0.816902,-1.000000,86.959,1,300,300,stars-0000300
simulated_annealing,max,10000,-1,3,284339819580,284339819580,-1,0.816902,-1.000000,88.447,1,300,300,stars-0000300
simulated_annealing,min,1000,-1,3,146274740,146274740,-1,0.263375,-1.000000,64.791,1,400,400,uniform-0000400-2
simulated_annealing,min,5000,-1,3,146274740,146274740,-1,0.263375,-1.000000,65.536,1,400,400,uniform-0000400-2
simulated_annealing,min,10000,-1,3,146274740,146274740,-1,0.263375,-1.000000,64.719,1,400,400,uniform-0000400-2
simulated_annealing,max,1000,-1,3,430624318,430624318,-1,0.775361,-1.000000,113.484,1,400,400,uniform-0000400-2
simulated_annealing,max,5000,-1,3,430624318,430624318,-1,0.775361,-1.000000,115.358,1,400,400,uniform-0000400-2
simulated_annealing,max,10000,-1,3,430624318,430624318,-1,0.775361,-1.000000,124.482,1,400,400,uniform-0000400-2
simulated_annealing,min,1000,-1,3,80973969682,80973969682,-1,0.229461,-1.000000,85.885,1,400,400,stars-0000400
simulated_annealing,min,5000,-1,3,80973969682,80973969682,-1,0.229461,-1.000000,79.322,1,400,400,stars-0000400
simulated_annealing,min,10000,-1,3,80973969682,80973969682,-1,0.229461,-1.000000,80.154,1,400,400,stars-0000400
simulated_annealing,max,1000,-1,3,277647987816,277647987816,-1,0.786787,-1.000000,105.735,1,400,400,stars-0000400
simulated_annealing,max,5000,-1,3,277647987816,277647987816,-1,0.786787,-1.000000,104.499,1,400,400,stars-0000400
simulated_annealing,max,10000,-1,3,277647987816,277647987816,-1,0.786787,-1.000000,100.272,1,400,400,stars-0000400
simulated_annealing,min,1000,-1,3,67160366,67160366,-1,0.227783,-1.000000,73.026,1,400,400,paris-0000400
simulated_annealing,min,5000,-1,3,67160366,67160366,-1,0.227783,-1.000000,71.743,1,400,400,paris-0000400
simulated_annealing,min,10000,-1,3,67160366,67160366,-1,0.227783,-1.000000,67.219,1,400,400,paris-0000400
simulated_annealing,max,1000,-1,3,228743352,228743352,-1,0.775812,-1.000000,118.459,1,400,400,paris-0000400
simulated_annealing,max,5000,-1,3,228743352,228743352,-1,0.775812,-1.000000,118.069,1,400,400,paris-0000400
simulated_annealing,max,10000,-1,3,228743352,228743352,-1,0.775812,-1.000000,116.086,1,400,400,paris-0000400
simulated_annealing,min,1000,-1,3,19775882,19775882,-1,0.173815,-1.000000,74.163,1,400,400,us-night-0000400
simulated_annealing,min,5000,-1,3,19775882,19775882,-1,0.173815,-1.000000,77.779,1,400,400,us-night-0000400
simulated_annealing,min,10000,-1,3,19775882,19775882,-1,0.173815,-1.000000,75.014,1,400,400,us-night-0000400
simulated_annealing,max,1000,-1,3,88453028,88453028,-1,0.777435,-1.000000,119.722,1,400,400,us-night-0000400
simulated_annealing,max,5000,-1,3,88453028,88453028,-1,0.777435,-1.000000,111.738,1,400,400,us-night-0000400
simulated_annealing,max,10000,-1,3,88453028,88453028,-1,0.777435,-1.000000,121.59,1,400,400,us-night-0000400
simulated_annealing,min,1000,-1,3,162466644,162466644,-1,0.295490,-1.000000,68.36,1,400,400,uniform-0000400-1
simulated_annealing,min,5000,-1,3,162466644,162466644,-1,0.295490,-1.000000,66.854,1,400,400,uniform-0000400-1
simulated_annealing,min,10000,-1,3,162466644,162466644,-1,0.295490,-1.000000,66.373,1,400,400,uniform-0000400-1
simulated_annealing,max,1000,-1,3,425375666,425375666,-1,0.773661,-1.000000,120.779,1,400,400,uniform-0000400-1
simulated_annealing,max,5000,-1,3,425375666,425375666,-1,0.773661,-1.000000,123.536,1,400,400,uniform-0000400-1
simulated_annealing,max,10000,-1,3,425375666,425375666,-1,0.773661,-1.000000,214.239,1,400,400,uniform-0000400-1
simulated_annealing,min,1000,-1,3,16232222,16232222,-1,0.199275,-1.000000,145.358,1,400,400,euro-night-0000400
simulated_annealing,min,5000,-1,3,16232222,16232222,-1,0.199275,-1.000000,141.927,1,400,400,euro-night-0000400
simulated_annealing,min,10000,-1,3,16232222,16232222,-1,0.199275,-1.000000,149.328,1,400,400,euro-night-0000400
simulated_annealing,max,1000,-1,3,65861972,65861972,-1,0.808557,-1.000000,165.468,1,400,400,euro-night-0000400
simulated_annealing,max,5000,-1,3,65861972,65861972,-1,0.808557,-1.000000,115.261,1,400,400,euro-night-0000400
simulated_annealing,max,10000,-1,3,65861972,65861972,-1,0.808557,-1.000000,114.195,1,400,400,euro-night-0000400
simulated_annealing,min,1000,-1,3,20866766,20866766,-1,0.167631,-1.000000,92.105,1,500,500,us-night-0000500
simulated_annealing,min,5000,-1,3,20866766,20866766,-1,0.167631,-1.000000,93.798,1,500,500,us-night-0000500
simulated_annealing,min,10000,-1,3,20866766,20866766,-1,0.167631,-1.000000,91.809,1,500,500,us-night-0000500
simulated_annealing,max,1000,-1,3,92054646,92054646,-1,0.739510,-1.000000,142.714,1,500,500,us-night-0000500
simulated_annealing,max,5000,-1,3,92054646,92054646,-1,0.739510,-1.000000,137.483,1,500,500,us-night-0000500
simulated_annealing,max,10000,-1,3,92054646,92054646,-1,0.739510,-1.000000,137.448,1,500,500,us-night-0000500
simulated_annealing,min,1000,-1,3,71662200,71662200,-1,0.240805,-1.000000,91.617,1,500,500,paris-0000500
simulated_annealing,min,5000,-1,3,71662200,71662200,-1,0.240805,-1.000000,83.042,1,500,500,paris-0000500
simulated_annealing,min,10000,-1,3,71662200,71662200,-1,0.240805,-1.000000,84.287,1,500,500,paris-0000500
simulated_annealing,max,1000,-1,3,230468742,230468742,-1,0.774440,-1.000000,158.948,1,500,500,paris-0000500
simulated_annealing,max,5000,-1,3,230468742,230468742,-1,0.774440,-1.000000,153.707,1,500,500,paris-0000500
simulated_annealing,max,10000,-1,3,230468742,230468742,-1,0.774440,-1.000000,156.751,1,500,500,paris-0000500
simulated_annealing,min,1000,-1,3,77514795164,77514795164,-1,0.219940,-1.000000,103.376,1,500,500,stars-0000500
simulated_annealing,min,5000,-1,3,77514795164,77514795164,-1,0.219940,-1.000000,104.687,1,500,500,stars-0000500
simulated_annealing,min,10000,-1,3,77514795164,77514795164,-1,0.219940,-1.000000,98.643,1,500,500,stars-0000500
simulated_annealing,max,1000,-1,3,265867078656,265867078656,-1,0.754370,-1.000000,153.606,1,500,500,stars-0000500
simulated_annealing,max,5000,-1,3,265867078656,265867078656,-1,0.754370,-1.000000,159.258,1,500,500,stars-0000500
simulated_annealing,max,10000,-1,3,265867078656,265867078656,-1,0.754370,-1.000000,152.318,1,500,500,stars-0000500
simulated_annealing,min,1000,-1,3,16216288,16216288,-1,0.195509,-1.000000,102.154,1,500,500,euro-night-0000500
simulated_annealing,min,5000,-1,3,16216288,16216288,-1,0.195509,-1.000000,103.328,1,500,500,euro-night-0000500
simulated_annealing,min,10000,-1,3,16216288,16216288,-1,0.195509,-1.000000,101.568,1,500,500,euro-night-0000500
simulated_annealing,max,1000,-1,3,61173810,61173810,-1,0.737534,-1.000000,147.9,1,500,500,euro-night-0000500
simulated_annealing,max,5000,-1,3,61173810,61173810,-1,0.737534,-1.000000,147.279,1,500,500,euro-night-0000500
simulated_annealing,max,10000,-1,3,61173810,61173810,-1,0.737534,-1.000000,163.417,1,500,500,euro-night-0000500
simulated_annealing,min,1000,-1,3,255598640,255598640,-1,0.293653,-1.000000,108.458,1,500,500,uniform-0000500-2
simulated_annealing,min,5000,-1,3,255598640,255598640,-1,0.293653,-1.000000,97.961,1,500,500,uniform-0000500-2
simulated_annealing,min,10000,-1,3,255598640,255598640,-1,0.293653,-1.000000,96.463,1,500,500,uniform-0000500-2
simulated_annealing,max,1000,-1,3,655158962,655158962,-1,0.752701,-1.000000,159.745,1,500,500,uniform-0000500-2
simulated_annealing,max,5000,-1,3,655158962,655158962,-1,0.752701,-1.000000,151.939,1,500,500,uniform-0000500-2
simulated_annealing,max,10000,-1,3,655158962,655158962,-1,0.752701,-1.000000,152.629,1,500,500,uniform-0000500-2
simulated_annealing,min,1000,-1,3,255163472,255163472,-1,0.293810,-1.000000,89.655,1,500,500,uniform-0000500-1
simulated_annealing,min,5000,-1,3,255163472,255163472,-1,0.293810,-1.000000,91.386,1,500,500,uniform-0000500-1
simulated_annealing,min,10000,-1,3,255163472,255163472,-1,0.293810,-1.000000,89.079,1,500,500,uniform-0000500-1
simulated_annealing,max,1000,-1,3,682731020,682731020,-1,0.786135,-1.000000,167.731,1,500,500,uniform-0000500-1
simulated_annealing,max,5000,-1,3,682731020,682731020,-1,0.786135,-1.000000,160.699,1,500,500,uniform-0000500-1
simulated_annealing,max,10000,-1,3,682731020,682731020,-1,0.786135,-1.000000,163.482,1,500,500,uniform-0000500-1
simulated_annealing,min,1000,-1,3,88820859636,88820859636,-1,0.249814,-1.000000,123.761,1,600,600,stars-0000600
simulated_annealing,min,5000,-1,3,88820859636,88820859636,-1,0.249814,-1.000000,122.311,1,600,600,stars-0000600
simulated_annealing,min,10000,-1,3,88820859636,88820859636,-1,0.249814,-1.000000,124.692,1,600,600,stars-0000600
simulated_annealing,max,1000,-1,3,289522055792,289522055792,-1,0.814298,-1.000000,179.939,1,600,600,stars-0000600
simulated_annealing,max,5000,-1,3,289522055792,289522055792,-1,0.814298,-1.000000,182.921,1,600,600,stars-0000600
simulated_annealing,max,10000,-1,3,289522055792,289522055792,-1,0.814298,-1.000000,184.426,1,600,600,stars-0000600
simulated_annealing,min,1000,-1,3,62787542,62787542,-1,0.208401,-1.000000,125.537,1,600,600,paris-0000600
simulated_annealing,min,5000,-1,3,62787542,62787542,-1,0.208401,-1.000000,136.085,1,600,600,paris-0000600
simulated_annealing,min,10000,-1,3,62787542,62787542,-1,0.208401,-1.000000,235.077,1,600,600,paris-0000600
simulated_annealing,max,1000,-1,3,227115168,227115168,-1,0.753829,-1.000000,299.388,1,600,600,paris-0000600
simulated_annealing,max,5000,-1,3,227115168,227115168,-1,0.753829,-1.000000,293.335,1,600,600,paris-0000600
simulated_annealing,max,10000,-1,3,227115168,227115168,-1,0.753829,-1.000000,175.91,1,600,600,paris-0000600
simulated_annealing,min,1000,-1,3,344928220,344928220,-1,0.273128,-1.000000,113.629,1,600,600,uniform-0000600-1
simulated_annealing,min,5000,-1,3,344928220,344928220,-1,0.273128,-1.000000,115.722,1,600,600,uniform-0000600-1
simulated_annealing,min,10000,-1,3,344928220,344928220,-1,0.273128,-1.000000,114.034,1,600,600,uniform-0000600-1
simulated_annealing,max,1000,-1,3,956610514,956610514,-1,0.757482,-1.000000,198.848,1,600,600,uniform-0000600-1
simulated_annealing,max,5000,-1,3,956610514,956610514,-1,0.757482,-1.000000,188.683,1,600,600,uniform-0000600-1
simulated_annealing,max,10000,-1,3,956610514,956610514,-1,0.757482,-1.000000,181.992,1,600,600,uniform-0000600-1
simulated_annealing,min,1000,-1,3,15493984,15493984,-1,0.186853,-1.000000,124.817,1,600,600,euro-night-0000600
simulated_annealing,min,5000,-1,3,15493984,15493984,-1,0.186853,-1.000000,127.344,1,600,600,euro-night-0000600
simulated_annealing,min,10000,-1,3,15493984,15493984,-1,0.186853,-1.000000,129.087,1,600,600,euro-night-0000600
simulated_annealing,max,1000,-1,3,65244426,65244426,-1,0.786828,-1.000000,187.595,1,600,600,euro-night-0000600
simulated_annealing,max,5000,-1,3,65244426,65244426,-1,0.786828,-1.000000,188.742,1,600,600,euro-night-0000600
simulated_annealing,max,10000,-1,3,65244426,65244426,-1,0.786828,-1.000000,190.926,1,600,600,euro-night-0000600
simulated_annealing,min,1000,-1,3,21740058,21740058,-1,0.181468,-1.000000,126.204,1,600,600,us-night-0000600
simulated_annealing,min,5000,-1,3,21740058,21740058,-1,0.181468,-1.000000,119.491,1,600,600,us-night-0000600
simulated_annealing,min,10000,-1,3,21740058,21740058,-1,0.181468,-1.000000,123.63,1,600,600,us-night-0000600
simulated_annealing,max,1000,-1,3,80321198,80321198,-1,0.670455,-1.000000,171.884,1,600,600,us-night-0000600
simulated_annealing,max,5000,-1,3,80321198,80321198,-1,0.670455,-1.000000,175.155,1,600,600,us-night-0000600
simulated_annealing,max,10000,-1,3,80321198,80321198,-1,0.670455,-1.000000,171.975,1,600,600,us-night-0000600
simulated_annealing,min,1000,-1,3,357456270,357456270,-1,0.282619,-1.000000,105.253,1,600,600,uniform-0000600-2
simulated_annealing,min,5000,-1,3,357456270,357456270,-1,0.282619,-1.000000,106.01,1,600,600,uniform-0000600-2
simulated_annealing,min,10000,-1,3,357456270,357456270,-1,0.282619,-1.000000,106.455,1,600,600,uniform-0000600-2
simulated_annealing,max,1000,-1,3,978043742,978043742,-1,0.773281,-1.000000,179.46,1,600,600,uniform-0000600-2
simulated_annealing,max,5000,-1,3,978043742,978043742,-1,0.773281,-1.000000,173.785,1,600,600,uniform-0000600-2
simulated_annealing,max,10000,-1,3,978043742,978043742,-1,0.773281,-1.000000,172.296,1,600,600,uniform-0000600-2
simulated_annealing,min,1000,-1,3,14726948,14726948,-1,0.175379,-1.000000,157.905,1,700,700,euro-night-0000700
simulated_annealing,min,5000,-1,3,14726948,14726948,-1,0.175379,-1.000000,152.961,1,700,700,euro-night-0000700
simulated_annealing,min,10000,-1,3,14726948,14726948,-1,0.175379,-1.000000,155.565,1,700,700,euro-night-0000700
simulated_annealing,max,1000,-1,3,64399174,64399174,-1,0.766910,-1.000000,205.914,1,700,700,euro-night-0000700
simulated_annealing,max,5000,-1,3,64399174,64399174,-1,0.766910,-1.000000,217.152,1,700,700,euro-night-0000700
simulated_annealing,max,10000,-1,3,64399174,64399174,-1,0.766910,-1.000000,202.3,1,700,700,euro-night-0000700
simulated_annealing,min,1000,-1,3,477152466,477152466,-1,0.279104,-1.000000,130.681,1,700,700,uniform-0000700-1
simulated_annealing,min,5000,-1,3,477152466,477152466,-1,0.279104,-1.000000,118.842,1,700,700,uniform-0000700-1
simulated_annealing,min,10000,-1,3,477152466,477152466,-1,0.279104,-1.000000,124.392,1,700,700,uniform-0000700-1
simulated_annealing,max,1000,-1,3,1330824332,1330824332,-1,0.778447,-1.000000,226.548,1,700,700,uniform-0000700-1
simulated_annealing,max,5000,-1,3,1330824332,1330824332,-1,0.778447,-1.000000,224.528,1,700,700,uniform-0000700-1
simulated_annealing,max,10000,-1,3,1330824332,1330824332,-1,0.778447,-1.000000,234.713,1,700,700,uniform-0000700-1
simulated_annealing,min,1000,-1,3,476240962,476240962,-1,0.275735,-1.000000,129.828,1,700,700,uniform-0000700-2
simulated_annealing,min,5000,-1,3,476240962,476240962,-1,0.275735,-1.000000,133.832,1,700,700,uniform-0000700-2
simulated_annealing,min,10000,-1,3,476240962,476240962,-1,0.275735,-1.000000,132.189,1,700,700,uniform-0000700-2
simulated_annealing,max,1000,-1,3,1303678874,1303678874,-1,0.754806,-1.000000,217.793,1,700,700,uniform-0000700-2
simulated_annealing,max,5000,-1,3,1303678874,1303678874,-1,0.754806,-1.000000,213.941,1,700,700,uniform-0000700-2
simulated_annealing,max,10000,-1,3,1303678874,1303678874,-1,0.754806,-1.000000,212.275,1,700,700,uniform-0000700-2
simulated_annealing,min,1000,-1,3,18267488,18267488,-1,0.157271,-1.000000,160.79,1,700,700,us-night-0000700
simulated_annealing,min,5000,-1,3,18267488,18267488,-1,0.157271,-1.000000,162.795,1,700,700,us-night-0000700
simulated_annealing,min,10000,-1,3,18267488,18267488,-1,0.157271,-1.000000,166.535,1,700,700,us-night-0000700
simulated_annealing,max,1000,-1,3,84814416,84814416,-1,0.730196,-1.000000,210.799,1,700,700,us-night-0000700
simulated_annealing,max,5000,-1,3,84814416,84814416,-1,0.730196,-1.000000,195.681,1,700,700,us-night-0000700
simulated_annealing,max,10000,-1,3,84814416,84814416,-1,0.730196,-1.000000,212.391,1,700,700,us-night-0000700
simulated_annealing,min,1000,-1,3,71360592,71360592,-1,0.234090,-1.000000,147.329,1,700,700,paris-0000700
simulated_annealing,min,5000,-1,3,71360592,71360592,-1,0.234090,-1.000000,138.971,1,700,700,paris-0000700
simulated_annealing,min,10000,-1,3,71360592,71360592,-1,0.234090,-1.000000,133.928,1,700,700,paris-0000700
simulated_annealing,max,1000,-1,3,220775150,220775150,-1,0.724227,-1.000000,189.999,1,700,700,paris-0000700
simulated_annealing,max,5000,-1,3,220775150,220775150,-1,0.724227,-1.000000,327.824,1,700,700,paris-0000700
simulated_annealing,max,10000,-1,3,220775150,220775150,-1,0.724227,-1.000000,410.044,1,700,700,paris-0000700
simulated_annealing,min,1000,-1,3,84939533498,84939533498,-1,0.240675,-1.000000,170.652,1,700,700,stars-0000700
simulated_annealing,min,5000,-1,3,84939533498,84939533498,-1,0.240675,-1.000000,233.722,1,700,700,stars-0000700
simulated_annealing,min,10000,-1,3,84939533498,84939533498,-1,0.240675,-1.000000,153.267,1,700,700,stars-0000700
simulated_annealing,max,1000,-1,3,279940069528,279940069528,-1,0.793206,-1.000000,230.796,1,700,700,stars-0000700
simulated_annealing,max,5000,-1,3,279940069528,279940069528,-1,0.793206,-1.000000,265.72,1,700,700,stars-0000700
simulated_annealing,max,10000,-1,3,279940069528,279940069528,-1,0.793206,-1.000000,276.558,1,700,700,stars-0000700
simulated_annealing,min,1000,-1,3,614810124,614810124,-1,0.272953,-1.000000,267.787,1,800,800,uniform-0000800-1
simulated_annealing,min,5000,-1,3,614810124,614810124,-1,0.272953,-1.000000,278.711,1,800,800,uniform-0000800-1
simulated_annealing,min,10000,-1,3,614810124,614810124,-1,0.272953,-1.000000,283.628,1,800,800,uniform-0000800-1
simulated_annealing,max,1000,-1,3,1701837990,1701837990,-1,0.755554,-1.000000,245.528,1,800,800,uniform-0000800-1
simulated_annealing,max,5000,-1,3,1701837990,1701837990,-1,0.755554,-1.000000,243.723,1,800,800,uniform-0000800-1
simulated_annealing,max,10000,-1,3,1701837990,1701837990,-1,0.755554,-1.000000,245.742,1,800,800,uniform-0000800-1
simulated_annealing,min,1000,-1,3,68668708,68668708,-1,0.223652,-1.000000,222.146,1,800,800,paris-0000800
simulated_annealing,min,5000,-1,3,68668708,68668708,-1,0.223652,-1.000000,216.835,1,800,800,paris-0000800
simulated_annealing,min,10000,-1,3,68668708,68668708,-1,0.223652,-1.000000,171.071,1,800,800,paris-0000800
simulated_annealing,max,1000,-1,3,233253138,233253138,-1,0.759698,-1.000000,291.945,1,800,800,paris-0000800
simulated_annealing,max,5000,-1,3,233253138,233253138,-1,0.759698,-1.000000,262.649,1,800,800,paris-0000800
simulated_annealing,max,10000,-1,3,233253138,233253138,-1,0.759698,-1.000000,493.27,1,800,800,paris-0000800
simulated_annealing,min,1000,-1,3,73358585502,73358585502,-1,0.205380,-1.000000,175.035,1,800,800,stars-0000800
simulated_annealing,min,5000,-1,3,73358585502,73358585502,-1,0.205380,-1.000000,192.05,1,800,800,stars-0000800
simulated_annealing,min,10000,-1,3,73358585502,73358585502,-1,0.205380,-1.000000,160.426,1,800,800,stars-0000800
simulated_annealing,max,1000,-1,3,283147644876,283147644876,-1,0.792720,-1.000000,332.642,1,800,800,stars-0000800
simulated_annealing,max,5000,-1,3,283147644876,283147644876,-1,0.792720,-1.000000,325.973,1,800,800,stars-0000800
simulated_annealing,max,10000,-1,3,283147644876,283147644876,-1,0.792720,-1.000000,293.267,1,800,800,stars-0000800
simulated_annealing,min,1000,-1,3,17537450,17537450,-1,0.208973,-1.000000,201.318,1,800,800,euro-night-0000800
simulated_annealing,min,5000,-1,3,17537450,17537450,-1,0.208973,-1.000000,237.266,1,800,800,euro-night-0000800
simulated_annealing,min,10000,-1,3,17537450,17537450,-1,0.208973,-1.000000,242.271,1,800,800,euro-night-0000800
simulated_annealing,max,1000,-1,3,67107370,67107370,-1,0.799639,-1.000000,286.565,1,800,800,euro-night-0000800
simulated_annealing,max,5000,-1,3,67107370,67107370,-1,0.799639,-1.000000,430.496,1,800,800,euro-night-0000800
simulated_annealing,max,10000,-1,3,67107370,67107370,-1,0.799639,-1.000000,274.593,1,800,800,euro-night-0000800
simulated_annealing,min,1000,-1,3,21972592,21972592,-1,0.176394,-1.000000,170.317,1,800,800,us-night-0000800
simulated_annealing,min,5000,-1,3,21972592,21972592,-1,0.176394,-1.000000,161.524,1,800,800,us-night-0000800
simulated_annealing,min,10000,-1,3,21972592,21972592,-1,0.176394,-1.000000,165.693,1,800,800,us-night-0000800
simulated_annealing,max,1000,-1,3,87890540,87890540,-1,0.705575,-1.000000,255.129,1,800,800,us-night-0000800
simulated_annealing,max,5000,-1,3,87890540,87890540,-1,0.705575,-1.000000,247.589,1,800,800,us-night-0000800
simulated_annealing,max,10000,-1,3,87890540,87890540,-1,0.705575,-1.000000,245.324,1,800,800,us-night-0000800
simulated_annealing,min,1000,-1,3,543732670,543732670,-1,0.240840,-1.000000,157.955,1,800,800,uniform-0000800-2
simulated_annealing,min,5000,-1,3,543732670,543732670,-1,0.240840,-1.000000,156.138,1,800,800,uniform-0000800-2
simulated_annealing,min,10000,-1,3,543732670,543732670,-1,0.240840,-1.000000,161.673,1,800,800,uniform-0000800-2
simulated_annealing,max,1000,-1,3,1711257396,1711257396,-1,0.757981,-1.000000,268.055,1,800,800,uniform-0000800-2
simulated_annealing,max,5000,-1,3,1711257396,1711257396,-1,0.757981,-1.000000,267.076,1,800,800,uniform-0000800-2
simulated_annealing,max,10000,-1,3,1711257396,1711257396,-1,0.757981,-1.000000,262.153,1,800,800,uniform-0000800-2
simulated_annealing,min,1000,-1,3,18590316,18590316,-1,0.217097,-1.000000,205.557,1,900,900,euro-night-0000900
simulated_annealing,min,5000,-1,3,18590316,18590316,-1,0.217097,-1.000000,207.504,1,900,900,euro-night-0000900
simulated_annealing,min,10000,-1,3,18590316,18590316,-1,0.217097,-1.000000,196.067,1,900,900,euro-night-0000900
simulated_annealing,max,1000,-1,3,65442080,65442080,-1,0.764228,-1.000000,286.753,1,900,900,euro-night-0000900
simulated_annealing,max,5000,-1,3,65442080,65442080,-1,0.764228,-1.000000,287.922,1,900,900,euro-night-0000900
simulated_annealing,max,10000,-1,3,65442080,65442080,-1,0.764228,-1.000000,285.008,1,900,900,euro-night-0000900
simulated_annealing,min,1000,-1,3,748705470,748705470,-1,0.262053,-1.000000,162.181,1,900,900,uniform-0000900-1
simulated_annealing,min,5000,-1,3,748705470,748705470,-1,0.262053,-1.000000,161.877,1,900,900,uniform-0000900-1
simulated_annealing,min,10000,-1,3,748705470,748705470,-1,0.262053,-1.000000,167.38,1,900,900,uniform-0000900-1
simulated_annealing,max,1000,-1,3,2131857826,2136194878,-1,0.747685,-1.000000,298.626,0,900,900,uniform-0000900-1
simulated_annealing,max,5000,-1,3,2131857826,2136194878,-1,0.747685,-1.000000,281.018,0,900,900,uniform-0000900-1
simulated_annealing,max,10000,-1,3,2131857826,2136194878,-1,0.747685,-1.000000,280.815,0,900,900,uniform-0000900-1
simulated_annealing,min,1000,-1,3,15454778,15454778,-1,0.119930,-1.000000,197.853,1,900,900,us-night-0000900
simulated_annealing,min,5000,-1,3,15454778,15454778,-1,0.119930,-1.000000,193.96,1,900,900,us-night-0000900
simulated_annealing,min,10000,-1,3,15454778,15454778,-1,0.119930,-1.000000,194.864,1,900,900,us-night-0000900
simulated_annealing,max,1000,-1,3,84349400,84349400,-1,0.654554,-1.000000,296.436,1,900,900,us-night-0000900
simulated_annealing,max,5000,-1,3,84349400,84349400,-1,0.654554,-1.000000,290.654,1,900,900,us-night-0000900
simulated_annealing,max,10000,-1,3,84349400,84349400,-1,0.654554,-1.000000,293.503,1,900,900,us-night-0000900
simulated_annealing,min,1000,-1,3,72591043962,72591043962,-1,0.206442,-1.000000,188.248,1,900,900,stars-0000900
simulated_annealing,min,5000,-1,3,72591043962,72591043962,-1,0.206442,-1.000000,194.226,1,900,900,stars-0000900
simulated_annealing,min,10000,-1,3,72591043962,72591043962,-1,0.206442,-1.000000,195.646,1,900,900,stars-0000900
simulated_annealing,max,1000,-1,3,272930957342,272930957342,-1,0.776191,-1.000000,264.663,1,900,900,stars-0000900
simulated_annealing,max,5000,-1,3,272930957342,272930957342,-1,0.776191,-1.000000,279.049,1,900,900,stars-0000900
simulated_annealing,max,10000,-1,3,272930957342,272930957342,-1,0.776191,-1.000000,292.19,1,900,900,stars-0000900
simulated_annealing,min,1000,-1,3,849980670,849980670,-1,0.297282,-1.000000,163.105,1,900,900,uniform-0000900-2
simulated_annealing,min,5000,-1,3,849980670,849980670,-1,0.297282,-1.000000,169.403,1,900,900,uniform-0000900-2
simulated_annealing,min,10000,-1,3,849980670,849980670,-1,0.297282,-1.000000,186.592,1,900,900,uniform-0000900-2
simulated_annealing,max,1000,-1,3,2165012034,2165012034,-1,0.757217,-1.000000,276.367,1,900,900,uniform-0000900-2
simulated_annealing,max,5000,-1,3,2165012034,2165012034,-1,0.757217,-1.000000,274.038,1,900,900,uniform-0000900-2
simulated_annealing,max,10000,-1,3,2165012034,2165012034,-1,0.757217,-1.000000,269.812,1,900,900,uniform-0000900-2
simulated_annealing,min,1000,-1,3,67830036,67830036,-1,0.225703,-1.000000,172.866,1,900,900,paris-0000900
simulated_annealing,min,5000,-1,3,67830036,67830036,-1,0.225703,-1.000000,180.152,1,900,900,paris-0000900
simulated_annealing,min,10000,-1,3,67830036,67830036,-1,0.225703,-1.000000,185.217,1,900,900,paris-0000900
simulated_annealing,max,1000,-1,3,225334350,226813626,-1,0.754717,-1.000000,290.163,0,900,900,paris-0000900
simulated_annealing,max,5000,-1,3,225334350,226813626,-1,0.754717,-1.000000,288.536,0,900,900,paris-0000900
simulated_annealing,max,10000,-1,3,225334350,226813626,-1,0.754717,-1.000000,270.127,0,900,900,paris-0000900
simulated_annealing,min,1000,-1,3,922322418,922322418,-1,0.259246,-1.000000,187.964,1,1000,1000,uniform-0001000-2
simulated_annealing,min,5000,-1,3,922322418,922322418,-1,0.259246,-1.000000,197.02,1,1000,1000,uniform-0001000-2
simulated_annealing,min,10000,-1,3,922322418,922322418,-1,0.259246,-1.000000,184.636,1,1000,1000,uniform-0001000-2
simulated_annealing,max,1000,-1,3,2662767084,2662767084,-1,0.748449,-1.000000,319.219,1,1000,1000,uniform-0001000-2
simulated_annealing,max,5000,-1,3,2662767084,2662767084,-1,0.748449,-1.000000,317.705,1,1000,1000,uniform-0001000-2
simulated_annealing,max,10000,-1,3,2662767084,2662767084,-1,0.748449,-1.000000,318.744,1,1000,1000,uniform-0001000-2
simulated_annealing,min,1000,-1,3,17798154,17798154,-1,0.206382,-1.000000,208.758,1,1000,1000,euro-night-0001000
simulated_annealing,min,5000,-1,3,17798154,17798154,-1,0.206382,-1.000000,211.138,1,1000,1000,euro-night-0001000
simulated_annealing,min,10000,-1,3,17798154,17798154,-1,0.206382,-1.000000,212.503,1,1000,1000,euro-night-0001000
simulated_annealing,max,1000,-1,3,65229324,65229324,-1,0.756379,-1.000000,308.245,1,1000,1000,euro-night-0001000
simulated_annealing,max,5000,-1,3,65229324,65229324,-1,0.756379,-1.000000,319.269,1,1000,1000,euro-night-0001000
simulated_annealing,max,10000,-1,3,65229324,65229324,-1,0.756379,-1.000000,332.171,1,1000,1000,euro-night-0001000
simulated_annealing,min,1000,-1,3,64445660,64445660,-1,0.214771,-1.000000,188.674,1,1000,1000,paris-0001000
simulated_annealing,min,5000,-1,3,64445660,64445660,-1,0.214771,-1.000000,193.758,1,1000,1000,paris-0001000
simulated_annealing,min,10000,-1,3,64445660,64445660,-1,0.214771,-1.000000,202.316,1,1000,1000,paris-0001000
simulated_annealing,max,1000,-1,3,228024986,228024986,-1,0.759913,-1.000000,319.509,1,1000,1000,paris-0001000
simulated_annealing,max,5000,-1,3,228024986,228024986,-1,0.759913,-1.000000,287.739,1,1000,1000,paris-0001000
simulated_annealing,max,10000,-1,3,228024986,228024986,-1,0.759913,-1.000000,299.008,1,1000,1000,paris-0001000
simulated_annealing,min,1000,-1,3,995889532,995889532,-1,0.282141,-1.000000,179.527,1,1000,1000,uniform-0001000-1
simulated_annealing,min,5000,-1,3,995889532,995889532,-1,0.282141,-1.000000,179.641,1,1000,1000,uniform-0001000-1
simulated_annealing,min,10000,-1,3,995889532,995889532,-1,0.282141,-1.000000,181.41,1,1000,1000,uniform-0001000-1
simulated_annealing,max,1000,-1,3,2621019526,2621019526,-1,0.742550,-1.000000,332.242,1,1000,1000,uniform-0001000-1
simulated_annealing,max,5000,-1,3,2621019526,2621019526,-1,0.742550,-1.000000,325.819,1,1000,1000,uniform-0001000-1
simulated_annealing,max,10000,-1,3,2621019526,2621019526,-1,0.742550,-1.000000,311.522,1,1000,1000,uniform-0001000-1
simulated_annealing,min,1000,-1,3,71642628,71642628,-1,0.256485,-1.000000,179.14,1,1000,1000,skylake-0001000
simulated_annealing,min,5000,-1,3,71642628,71642628,-1,0.256485,-1.000000,181.808,1,1000,1000,skylake-0001000
simulated_annealing,min,10000,-1,3,71642628,71642628,-1,0.256485,-1.000000,179.411,1,1000,1000,skylake-0001000
simulated_annealing,max,1000,-1,3,211134188,211134188,-1,0.755875,-1.000000,327.031,1,1000,1000,skylake-0001000
simulated_annealing,max,5000,-1,3,211134188,211134188,-1,0.755875,-1.000000,330.483,1,1000,1000,skylake-0001000
simulated_annealing,max,10000,-1,3,211134188,211134188,-1,0.755875,-1.000000,323.754,1,1000,1000,skylake-0001000
simulated_annealing,min,1000,-1,3,19926266,19926266,-1,0.160730,-1.000000,212.418,1,1000,1000,us-night-0001000
simulated_annealing,min,5000,-1,3,19926266,19926266,-1,0.160730,-1.000000,224.672,1,1000,1000,us-night-0001000
simulated_annealing,min,10000,-1,3,19926266,19926266,-1,0.160730,-1.000000,211.065,1,1000,1000,us-night-0001000
simulated_annealing,max,1000,-1,3,84287764,84287764,-1,0.679884,-1.000000,317.541,1,1000,1000,us-night-0001000
simulated_annealing,max,5000,-1,3,84287764,84287764,-1,0.679884,-1.000000,310.832,1,1000,1000,us-night-0001000
simulated_annealing,max,10000,-1,3,84287764,84287764,-1,0.679884,-1.000000,317.568,1,1000,1000,us-night-0001000
simulated_annealing,min,1000,-1,3,69650722,69650722,-1,0.249680,-1.000000,388.99,1,2000,2000,skylake-0002000
simulated_annealing,min,5000,-1,3,69650722,69650722,-1,0.249680,-1.000000,398.32,1,2000,2000,skylake-0002000
simulated_annealing,min,10000,-1,3,69650722,69650722,-1,0.249680,-1.000000,403.285,1,2000,2000,skylake-0002000
simulated_annealing,min,1000,-1,3,66464136,66464136,-1,0.189648,-1.000000,460.747,1,2000,2000,euro-night-0002000
simulated_annealing,min,5000,-1,3,66464136,66464136,-1,0.189648,-1.000000,461.443,1,2000,2000,euro-night-0002000
simulated_annealing,min,10000,-1,3,66464136,66464136,-1,0.189648,-1.000000,436.387,1,2000,2000,euro-night-0002000
simulated_annealing,max,1000,-1,3,256784298,256784298,-1,0.732706,-1.000000,683.41,1,2000,2000,euro-night-0002000
simulated_annealing,max,5000,-1,3,256784298,256784298,-1,0.732706,-1.000000,618.755,1,2000,2000,euro-night-0002000
simulated_annealing,max,10000,-1,3,256784298,256784298,-1,0.732706,-1.000000,652.868,1,2000,2000,euro-night-0002000
simulated_annealing,min,1000,-1,3,4013234506,4013234506,-1,0.281745,-1.000000,389.997,1,2000,2000,uniform-0002000-1
simulated_annealing,min,5000,-1,3,4013234506,4013234506,-1,0.281745,-1.000000,402.303,1,2000,2000,uniform-0002000-1
simulated_annealing,min,10000,-1,3,4013234506,4013234506,-1,0.281745,-1.000000,366.18,1,2000,2000,uniform-0002000-1
simulated_annealing,max,1000,-1,3,10452338268,10467202768,-1,0.734838,-1.000000,629.189,0,2000,2000,uniform-0002000-1
simulated_annealing,max,5000,-1,3,10452338268,10467202768,-1,0.734838,-1.000000,612.325,0,2000,2000,uniform-0002000-1
simulated_annealing,max,10000,-1,3,10452338268,10467202768,-1,0.734838,-1.000000,637.389,0,2000,2000,uniform-0002000-1
simulated_annealing,min,1000,-1,3,3897713870,3897713870,-1,0.274518,-1.000000,402.738,1,2000,2000,uniform-0002000-2
